{
    "author": "春风",
    "ua": "",
    "homeUrl": "http://www.huamaotv.com/",
    "dcVipFlag": "true",
    "dcPlayUrl": "true",
    "cateManual": {
        "电影": "1",
        "连续剧": "2",
        "动漫": "4",
        "综艺": "3"
    },
    "homeVodNode": "//a[contains(@class,'stui-vodlist__thumb')]",
    "homeVodName": "/@title",
    "homeVodId": "/@href",
    "homeVodIdR": "/detail/(\\w+).html",
    "homeVodImg": "/@data-original",
    "homeVodImgR": "",
    "homeVodMark": "/span[@class='pic-text']/text())",
//    "cateUrl": "http://www.huamaotv.com/type/{cateId}-{catePg}.html",
    "cateUrl": "http://www.huamaotv.com/list/{cateId}_{catePg}__{by}_0_{year}__{area}_.html",
    "cateVodNode": "//a[contains(@class,'stui-vodlist__thumb')]",
    "cateVodName": "/@title",
    "cateVodId": "/@href",
    "cateVodIdR": "/detail/(\\w+).html",
    "cateVodImg": "/@data-original",
    "cateVodImgR": "",
    "cateVodMark": "/span[@class='pic-text']/text()",
    "dtUrl": "http://www.huamaotv.com/detail/{vid}.html",
    "dtNode": "//body",
    "dtName": "//div[@class='stui-content__thumb']/a/@title",
    "dtNameR": "",
    "dtImg": "//div[@class='stui-content__thumb']/a/img/@data-original",
    "dtImgR": "",
    "dtCate": "//span[contains(text(), '类型')]/following-sibling::a/text()",
    "dtCateR": "",
    "dtYear": "//span[contains(text(), '年份')]/following-sibling::a/text()",
    "dtYearR": "",
    "dtArea": "//span[contains(text(), '地区')]/following-sibling::a/text()",
    "dtAreaR": "",
    "dtDirector": "//span[contains(text(), '导演')]/parent::/text()",
    "dtDirectorR": "",
    "dtActor": "//span[contains(text(), '主演')]/parent::/text()",
    "dtActorR": "",
    "dtDesc": "//span[contains(text(), '简介')]/parent::/text()",
    "dtDescR": "",
    "dtFromNode": "//div[@class='stui-pannel__head clearfix']/h3",
    "dtFromName": "/text()",
    "dtFromNameR": "",
    "dtUrlNode": "//ul[@class='stui-content__playlist clearfix']",
    "dtUrlSubNode": "/li/a",
    "dtUrlId": "@href",
    "dtUrlIdR": "/play/(\\S+).html",
    "dtUrlName": "/text()",
    "dtUrlNameR": "",
    "playUrl": "http://www.huamaotv.com/play/{playUrl}.html",
    "playUa": "",
    "searchUrl": "http://www.huamaotv.com/index.php?m=vod-search&wd={wd}&submit=",
    "scVodNode": "//a[contains(@class,'stui-vodlist__thumb')]",
    "scVodName": "/@title",
    "scVodId": "/@href",
    "scVodIdR": "/detail/(\\w+).html",
    "scVodImg": "/@data-original",
    "scVodMark": "/span[@class='pic-text']/text())",
  "filter": {
    "1": [
      {
        "key": "cateId",
        "name": "类型",
        "value": [
          {"n": "全部","v": "1"},
          {"n": "动作片","v": "5"},
          {"n": "喜剧片","v": "6"},
          {"n": "爱情片","v": "7"},
          {"n": "科幻片","v": "8"},
          {"n": "恐怖片","v": "9"},
          {"n": "剧情片","v": "10"},
          {"n": "战争片","v": "11"},
          {"n": "奇幻片","v": "16"},
          {"n": "惊悚片","v": "17"},
          {"n": "动画片","v": "18"},
          {"n": "悬疑片","v": "19"},
          {"n": "犯罪片","v": "20"},
          {"n": "纪录片","v": "21"}
        ]
      },
      {
        "key": "area",
        "name": "地区",
        "value": [
          {"n": "全部","v": ""},
          {"n": "大陆","v": "大陆"},
          {"n": "香港","v": "香港"},
          {"n": "台湾","v": "台湾"},
          {"n": "韩国","v": "韩国"},
          {"n": "日本","v": "日本"},
          {"n": "美国","v": "美国"},
          {"n": "泰国","v": "泰国"},
          {"n": "马来西亚","v": "马来西亚"},
          {"n": "英国","v": "英国"},
          {"n": "印度","v": "印度"},
          {"n": "法国","v": "法国"},
          {"n": "加拿大","v": "加拿大"},
          {"n": "西班牙","v": "西班牙"},
          {"n": "新加坡","v": "新加坡"},
          {"n": "俄罗斯","v": "俄罗斯"},
          {"n": "其它","v": "其它"}
        ]
      },
      {
        "key": "year",
        "name": "年份",
        "value": [
          {"n": "全部","v": ""},
          {"n": "2022","v": "2022"},
          {"n": "2021","v": "2021"},
          {"n": "2020","v": "2020"},
          {"n": "2019","v": "2019"},
          {"n": "2018","v": "2018"},
          {"n": "2017","v": "2017"},
          {"n": "2016","v": "2016"},
          {"n": "2015","v": "2015"},
          {"n": "2014","v": "2014"},
          {"n": "2013","v": "2013"},
          {"n": "2012","v": "2012"},
          {"n": "2011","v": "2011"},
          {"n": "2010","v": "2010"}
        ]
      },
      {
        "key": "by",
        "name": "排序",
        "value": [
          {"n": "更新","v": "time"},
          {"n": "人气","v": "hits"},
          {"n": "评分","v": "score"}
        ]
      }
    ],
    "2": [
      {
        "key": "cateId",
        "name": "类型",
        "value": [
          {"n": "全部","v": "2"},
          {"n": "国产剧","v": "12"},
          {"n": "港剧","v": "13"},
          {"n": "台剧","v": "25"},
          {"n": "韩剧","v": "14"},
          {"n": "日剧","v": "24"},
          {"n": "美剧","v": "15"},
          {"n": "泰剧","v": "26"},
          {"n": "越剧","v": "27"}
        ]
      },
      {
        "key": "area",
        "name": "地区",
        "value": [
          {"n": "全部","v": ""},
          {"n": "大陆","v": "大陆"},
          {"n": "韩国","v": "韩国"},
          {"n": "香港","v": "香港"},
          {"n": "台湾","v": "台湾"},
          {"n": "日本","v": "日本"},
          {"n": "美国","v": "美国"},
          {"n": "泰国","v": "泰国"},
          {"n": "英国","v": "英国"},
          {"n": "法国","v": "法国"},
          {"n": "新加坡","v": "新加坡"},
          {"n": "马来西亚","v": "马来西亚"},                 
          {"n": "印度","v": "印度"},
          {"n": "加拿大","v": "加拿大"},
          {"n": "西班牙","v": "西班牙"},
          {"n": "俄罗斯","v": "俄罗斯"},
          {"n": "其它","v": "其它"}
        ]
      },
      {
        "key": "year",
        "name": "年份",
        "value": [
          {"n": "全部","v": ""},
          {"n": "2022","v": "2022"},
          {"n": "2021","v": "2021"},
          {"n": "2020","v": "2020"},
          {"n": "2019","v": "2019"},
          {"n": "2018","v": "2018"},
          {"n": "2017","v": "2017"},
          {"n": "2016","v": "2016"},
          {"n": "2015","v": "2015"},
          {"n": "2014","v": "2014"},
          {"n": "2013","v": "2013"},
          {"n": "2012","v": "2012"},
          {"n": "2011","v": "2011"},
          {"n": "2010","v": "2010"}
        ]
      },
      {
        "key": "by",
        "name": "排序",
        "value": [
          {"n": "更新","v": "time"},
          {"n": "人气","v": "hits"},
          {"n": "评分","v": "score"}
        ]
      }
    ],
    "3": [
      {
        "key": "area",
        "name": "地区",
        "value": [
          {"n": "全部","v": ""},
          {"n": "大陆","v": "大陆"},
          {"n": "香港","v": "香港"},
          {"n": "台湾","v": "台湾"},
          {"n": "美国","v": "美国"},
          {"n": "日本","v": "日本"},
          {"n": "韩国","v": "韩国"}
        ]
      },
      {
        "key": "year",
        "name": "年份",
        "value": [
          {"n": "全部","v": ""},
          {"n": "2022","v": "2022"},
          {"n": "2021","v": "2021"},
          {"n": "2020","v": "2020"},
          {"n": "2019","v": "2019"},
          {"n": "2018","v": "2018"},
          {"n": "2017","v": "2017"},
          {"n": "2016","v": "2016"},
          {"n": "2015","v": "2015"},
          {"n": "2014","v": "2014"},
          {"n": "2013","v": "2013"},
          {"n": "2012","v": "2012"},
          {"n": "2011","v": "2011"},
          {"n": "2010","v": "2010"}
        ]
      },
      {
        "key": "by",
        "name": "排序",
        "value": [
          {"n": "更新","v": "time"},
          {"n": "人气","v": "hits"},
          {"n": "评分","v": "score"}
        ]
      }
    ],
    "4": [
      {
        "key": "cateId",
        "name": "类型",
        "value": [
          {"n": "全部","v": "2"},
          {"n": "国产动漫","v": "32"},
          {"n": "日本动漫","v": "33"},
          {"n": "港台动漫","v": "34"},
          {"n": "其它动漫","v": "35"}
        ]
      },
      {
        "key": "area",
        "name": "地区",
        "value": [
          {"n": "全部","v": ""},
          {"n": "大陆","v": "大陆"},
          {"n": "日本","v": "日本"},
          {"n": "韩国","v": "韩国"},
          {"n": "美国","v": "美国"}
        ]
      },
      {
        "key": "year",
        "name": "年份",
        "value": [
          {"n": "全部","v": ""},
          {"n": "2022","v": "2022"},
          {"n": "2021","v": "2021"},
          {"n": "2020","v": "2020"},
          {"n": "2019","v": "2019"},
          {"n": "2018","v": "2018"},
          {"n": "2017","v": "2017"},
          {"n": "2016","v": "2016"},
          {"n": "2015","v": "2015"},
          {"n": "2014","v": "2014"},
          {"n": "2013","v": "2013"},
          {"n": "2012","v": "2012"},
          {"n": "2011","v": "2011"},
          {"n": "2010","v": "2010"}
        ]
      },
      {
        "key": "by",
        "name": "排序",
        "value": [
          {"n": "更新","v": "time"},
          {"n": "人气","v": "hits"},
          {"n": "评分","v": "score"}
        ]
      }
    ]
  }
}
