﻿{
"spider":"clan://TVBox/jar/nz.jar",

"sites": [
  {"key":"快看","name":"快看","type":3,"api":"csp_Kuaikan","searchable":1,"quickSearch":1,"filterable":1},
   {"key":"七七","name":"七七","type":3,"api":"csp_Kunyu77","searchable":1,"quickSearch":1,"filterable":1},
  {"key":"小宝影院","name":"小宝影院","type":3,"api":"csp_Xiaoh","searchable":1,"quickSearch":1,"filterable":1},

  {"key":"If101","name":"If101","type":3,"api":"csp_If101","searchable":1,"quickSearch":1,"filterable":1},
  {"key":"低端影视","name":"低端影视","type":3,"api":"csp_Ddrk","searchable":1,"quickSearch":1,"filterable":1},
  {"key":"厂长影视","name":"厂长影视","type":3,"api":"csp_Czsapp","searchable":1,"quickSearch":1,"filterable":1},
  {"key":"9E03","name":"9E03","type":3,"api":"csp_AppYsV2","searchable":1,"quickSearch":1,"filterable":1,"ext":"https://vod.9e03.com/lvdou_api.php/v1.vod"},
  {"key":"在线之家","name":"在线之家","type":3,"api":"csp_Zxzj","searchable":1,"quickSearch":1,"filterable":1},
  {"key":"Cokemv","name":"Cokemv","type":3,"api":"csp_Cokemv","searchable":1,"quickSearch":1,"filterable":1},
  {"key":"Auete","name":"Auete","type":3,"api":"csp_Auete","searchable":1,"quickSearch":1,"filterable":1},
  {"key":"Olevod","name":"Olevod","type":3,"api":"csp_Olevod","searchable":1,"quickSearch":1,"filterable":1},
  {"key":"Bili","name":"哔哩套餐","type":3,"api":"csp_Bili","searchable":1,"quickSearch":1,"filterable":1,"ext":"clan://TVBox/MaooXP/bili.json"},
    {"key":"360","name":"360","type":3,"api":"csp_SP360","searchable":1,"quickSearch":1,"filterable":1},
  {"key":"AliPS","name":"盘搜","type":3,"api":"csp_AliPS","searchable":1,"quickSearch":1,"filterable":1},
  {"key":"Gitcafe","name":"小纸条","type":3,"api":"csp_Gitcafe","searchable":1,"quickSearch":1,"filterable":1},
{"key":"csp_PHP_WMKK"    ,"name":"🛴完美看看","type":1,  "api": "http://api.flypotato.xyz/wmkk.php","searchable": 1,"quickSearch": 1,"filterable": 0},

{"key":"csp_xpath_huya","name":"🐯虎牙(XPF)","type":3,"api":"csp_XPathMacFilter","searchable":1,"quickSearch":1,"filterable":1,"ext":"clan://TVBox/MaooXP/虎牙.json"},
{"key":"csp_xpath_huyam","name":"🐻虎牙M","type":3,"api":"csp_XPath","searchable":1,"quickSearch":1,"filterable":0,"ext":"clan://TVBox/MaooXP/huya.json"},
{"key":"csp_xpath_huyag","name":"🦊虎牙G","type":3,"api":"csp_XPathMacFilter","searchable":1,"quickSearch":1,"filterable":1,"ext":"clan://TVBox/MaooXP/huya2.json"},
{"key":"csp_biubiu_斗鱼","name":"🐟斗鱼","type":3,"api":"csp_XBiubiu","searchable":1,"quickSearch":1,"filterable":0,"ext":"clan://TVBox/MaooXB/斗鱼.json"},
{"key":"csp_xpath_酷奇mv","name":"🎤酷奇MV","type":3,"api":"csp_XPath","searchable":0,"quickSearch":0,"filterable":0,"ext":"clan://TVBox/MaooXP/酷奇MV.json"},
{"key":"csp_xml___8090","name":"💢8090 资源"  ,"type":1,"api":"http://zy.yilans.net:8090/api.php/provide/vod/","playUrl":"","searchable":1,"quickSearch":1},
{"key":"csp_xml___小猫咪","name":"💢小 猫 咪"   ,"type":1,"api":"https://zy.xiaomaomi.cc/api.php/provide/vod/","playUrl":"","searchable":1,"quickSearch":1},
{"key":"csp_xml___追剧官采","name":"💢追剧官采"   ,"type":1,"api":"http://gc.zhuijuba.vip/api.php/provide/vod/","playUrl":"","searchable":1,"quickSearch":1},
{"key":"csp_biubiu_真不卡zhenbuka3","name":"🐛真不卡1(NS)","type":3,"api":"csp_XBiubiu","searchable":1,"quickSearch":1,"filterable":0,"ext":"clan://TVBox/MaooXB/真不卡zhenbuka3(ns).json"},
{"key":"csp_biubiu_真不卡cerrd","name":"🐛真不卡2(NS)","type":3,"api":"csp_XBiubiu","searchable":1,"quickSearch":1,"filterable":0,"ext":"clan://TVBox/MaooXB/真不卡cerrd(ns).json"},
{"key":"csp_biubiu_奇优影院ns","name":"🐛奇优影院(NS)","type":3,"api":"csp_XBiubiu","searchable":1,"quickSearch":1,"filterable":0,"ext":"clan://TVBox/MaooXB/奇优影院(ns).json"},  
{"key":"csp_biubiu_黑狐影视ns","name":"🐛黑狐影视(NS)","type":3,"api":"csp_XBiubiu","searchable":1,"quickSearch":1,"filterable":0,"ext":"clan://TVBox/MaooXB/黑狐影视(ns).json"},
{"key":"csp_biubiu_韩剧佬","name":"🐛韩剧佬","type":3,"api":"csp_XBiubiu","searchable":1,"quickSearch":1,"filterable":0,"ext":"clan://TVBox/MaooXB/韩剧佬.json"},  
{"key":"csp_biubiu_韩剧在线","name":"🐛韩剧在线","type":3,"api":"csp_XBiubiu","searchable":1,"quickSearch":1,"filterable":0,"ext":"clan://TVBox/MaooXB/韩剧在线.json"},  
//
{"key":"csp_xpath_libv","name":"🦋LIBVIO","type":3,"api":"csp_XPathMacFilter","searchable":1,"quickSearch":1,"filterable":1,"ext":"clan://TVBox/MaooXP/libv.json"},
{"key":"csp_xpath_zxzj2","name":"🦋在线之家","type":3,"api":"csp_XPathFilter","searchable":1,"quickSearch":1,"filterable":1,"ext":"clan://TVBox/MaooXP/zxzj2.json"},
{"key":"csp_xpath_789kp","name":"🦋789看片","type":3,"api":"csp_XPathMacFilter","searchable":1,"quickSearch":1,"filterable":1,"ext":"clan://TVBox/MaooXP/789kp.json"},
{"key":"csp_xpath_Gimy","name": "🦋Gimy影院","type": 3,"api": "csp_XPathMacFilter","searchable": 1,"quickSearch": 1,"filterable": 1,"ext": "clan://TVBox/MaooXP/Gimy2.json"},
{"key":"csp_xpath_乐猪TV","name": "🦋乐猪TV","type": 3,"api": "csp_XPathMac","searchable": 1,"quickSearch": 1,"filterable": 0,"ext": "clan://TVBox/MaooXP/lezhutv.json"},
{"key":"csp_xpath_omofun","name": "🦋omofun动漫","type": 3,"api": "csp_XPathMacFilter","searchable": 1,"quickSearch": 1,"filterable": 1,"ext": "clan://TVBox/MaooXP/omofun.json"},
{"key":"csp_xpath_agemys","name":"🦋AGE动漫1","type":3,"api":"csp_XPath","searchable":1,"quickSearch":1,"filterable":0,"ext":"clan://TVBox/MaooXP/agemys.json"},
{"key":"csp_xpath_agefans","name":"🦋AGE动漫2","type":3,"api":"csp_XPath","searchable":1,"quickSearch":1,"filterable":0,"ext":"clan://TVBox/MaooXP/agefans.json"},
{"key":"csp_xpath_dm84","name":"🦋动漫巴士","type":3,"api":"csp_XPathFilter","searchable":1,"quickSearch":1,"filterable":0,"ext":"clan://TVBox/MaooXP/dm84.json"},
{"key":"csp_xpath_yinghua1","name":"🦋樱花动漫1","type":3,"api":"csp_XPath","searchable":1,"quickSearch":1,"filterable":0,"ext":"clan://TVBox/MaooXP/yinghua.json"},
{"key":"csp_xpath_yinghua2","name":"🦋樱花动漫2","type":3,"api":"csp_XPath","searchable":1,"quickSearch":1,"filterable":0,"ext":"clan://TVBox/MaooXP/yinghua2.json"},
{"key":"csp_xpath_dmw","name":"🦋动漫岛","type":3,"api":"csp_XPathMacFilter","searchable":1,"quickSearch":1,"filterable":1,"ext":"clan://TVBox/MaooXP/dmw.json"},
{"key":"csp_xpath_saohuo","name":"🦋骚火电影","type":3,"api":"csp_XPath","searchable":1,"quickSearch":1,"filterable":0,"ext":"clan://TVBox/MaooXP/saohuotv.json"},
{"key":"csp_xpath_xiaoxiong","name":"🦋小熊影视","type":3,"api":"csp_XPathFilter","searchable":1,"quickSearch":1,"filterable":1,"ext":"clan://TVBox/MaooXP/xiaoxiong.json"},   
{"key":"csp_xpath_nmys","name":"🦋农民影视","type": 3,"api":"csp_XPathFilter","searchable":1,"quickSearch":1,"filterable":1,"ext":"clan://TVBox/MaooXP/nmys2.json"},
{"key":"csp_xpath_2gangju","name":"🦋爱港剧","type":3,"api":"csp_XPathMacFilter","searchable":1,"quickSearch":1,"filterable":1,"ext":"clan://TVBox/MaooXP/2gangju.json"},
{"key":"csp_xpath_lmys","name": "🦋蓝莓影视","type": 3,"api":"csp_XPathFilter","searchable": 1,"quickSearch":1,"filterable":0,"ext":"clan://TVBox/MaooXP/lmys.json"},
{"key":"csp_xpath_wnvod","name": "🦋万能影视","type": 3,"api":"csp_XPathFilter","searchable": 1,"quickSearch": 1,"filterable":0,"ext":"clan://TVBox/MaooXP//wnvod.json"},
{"key":"csp_xpath_kyikan","name": "🦋看一看","type": 3,"api":"csp_XPath","searchable": 1,"quickSearch": 1,"filterable":0,"ext":"clan://TVBox/MaooXP/kyikan.json"},
{"key":"csp_xpath_yanet","name":"🦋鸭奈飞","type":3,"api":"csp_XPathFilter","searchable":1,"quickSearch":1,"filterable":1,"ext":"clan://TVBox/MaooXP/yanet.json"},
{"key":"csp_xpath_yanetflix","name":"🦋鸭奈非","type":3,"api":"csp_XPathMac","searchable":1,"quickSearch":1,"filterable":0,"ext":"clan://TVBox/MaooXP/yanetflix.json"},
{"key":"csp_xpath_94sm","name":"🦋94神马","type":3,"api":"csp_XPath","searchable":1,"quickSearch":1,"filterable":0,"ext":"clan://TVBox/MaooXP/94sm.json"},
{"key":"csp_xpath_zj883","name":"🦋追剧网","type":3,"api":"csp_XPath","searchable":1,"quickSearch":1,"filterable":0,"ext":"clan://TVBox/MaooXP/zj883.json"},
{"key":"csp_xpath_lkvod","name":"🦋来看点播","type":3,"api":"csp_XPath","searchable":1,"quickSearch":1,"filterable":0,"ext":"clan://TVBox/MaooXP/lkvod.json"},
{"key":"csp_xpath_xqmi","name":"🦋小强迷","type":3,"api":"csp_XPath","searchable":1,"quickSearch":1,"filterable":0,"ext":"clan://TVBox/MaooXP/xqmi.json"},
{"key":"csp_xpath_vip1280","name":"🦋VIP电影","type":3,"api":"csp_XPath","searchable":1,"quickSearch":1,"filterable":0,"ext":"clan://TVBox/MaooXP/vip1280.json"},
{"key":"csp_xpath_zzzlike","name":"🦋周末电影","type":3,"api":"csp_XPath","searchable":1,"quickSearch":1,"filterable":0,"ext":"clan://TVBox/MaooXP/zzzlike.json"},
{"key":"csp_XPath_bidiys","name":"🦋哔嘀影视","type":3,"api":"csp_XPath","searchable":1,"quickSearch":1,"filterable":0,"ext":"clan://TVBox/MaooXP/bidiys2.json"},
{"key":"csp_xpath_kuqimv","name":"🦋酷奇MV","type":3,"api":"csp_XPath","searchable":0,"quickSearch":0,"filterable":0,"ext":"clan://TVBox/MaooXP/kuqimv.json"},
{"key":"csp_xpath_yyotv","name":"🦋小太阳","type":3,"api":"csp_XPath","searchable":1,"quickSearch":1,"filterable":0,"ext":"clan://TVBox/MaooXP/yyotv.json"},
{"key":"csp_xpath_auete","name":"🦋Auete影视","type":3,"api":"csp_XPathFilter","searchable":1,"quickSearch":0,"filterable":1,"ext":"clan://TVBox/MaooXP/auete.json"},
{"key":"csp_xpath_6d","name":"🦋六度TV","type":3,"api":"csp_XPathFilter","searchable":1,"quickSearch":1,"filterable":1,"ext":"clan://TVBox/MaooXP/6d.json"},
{"key":"csp_xpath_348z","name":"🦋348电影","type":3,"api":"csp_XPathFilter","searchable":1,"quickSearch":1,"filterable":1,"ext":"clan://TVBox/MaooXP/348z.json"},
{"key":"csp_xpath_dandanzan10","name":"🦋蛋蛋赞","type":3,"api":"csp_XPathFilter","searchable":0,"quickSearch":0,"filterable":1,"ext":"clan://TVBox/MaooXP/dandanzan10.json"},
{"key":"csp_xpath_cokemv","name":"🦋Cokemv","type":3,"api":"csp_XPathFilter","searchable":1,"quickSearch":1,"filterable":1,"ext":"clan://TVBox/MaooXP/cokemv.json"},
{"key":"csp_xpath_tvci","name":"🦋大师兄","type":3,"api":"csp_XPathFilter","searchable":1,"quickSearch":1,"filterable":1,"ext":"clan://TVBox/MaooXP/tvci.json"},
{"key":"csp_xpath_meiju56","name":"🦋美剧网","type":3,"api":"csp_XPathFilter","searchable":1,"quickSearch":1,"filterable":1,"ext":"clan://TVBox/MaooXP/meiju562.json"},
{"key":"csp_xpath_tjyy","name":"🦋奇优影院","type":3,"api":"csp_XPathMac","searchable":1,"quickSearch":1,"filterable":0,"ext":"clan://TVBox/MaooXP/huigutongying.json"},
{"key":"csp_xpath_dy888","name":"🦋电影888","type":3,"api":"csp_XPathMac","searchable":1,"quickSearch":1,"filterable":0,"ext":"clan://TVBox/MaooXP/dy888.json"},
{"key":"csp_xpath_aidi","name":"🦋爱迪影视","type":3,"api":"csp_XPathMac","searchable":1,"quickSearch":1,"filterable":0,"ext":"clan://TVBox/MaooXP/aidi.json"},
{"key":"csp_xpath_juhuang","name":"🦋剧荒TV","type":3,"api":"csp_XPathMac","searchable":1,"quickSearch":1,"filterable":0,"ext":"clan://TVBox/MaooXP/juhuang.json"},
{"key":"csp_xpath_doujiaow","name":"🦋豆角网","type":3,"api":"csp_XPathMac","searchable":1,"quickSearch":1,"filterable":1,"ext":"clan://TVBox/MaooXP/doujiaow.json"},
{"key":"csp_xpath_duboku","name":"🦋独播库","type":3,"api":"csp_XPathMac","searchable":1,"quickSearch":1,"filterable":0,"ext":"clan://TVBox/MaooXP/duboku2.json"},
{"key":"csp_xpath_pianba","name":"🦋片吧影院","type":3,"api":"csp_XPathMac","searchable":1,"quickSearch":1,"filterable":0,"ext":"clan://TVBox/MaooXP/pianba.json"},
{"key":"csp_xpath_jpys","name":"🦋极品影视","type":3,"api":"csp_XPathMacFilter","searchable":1,"quickSearch":1,"filterable":1,"ext":"clan://TVBox/MaooXP/jpys.json"},
{"key":"csp_xpath_ddg","name":"🦋达达龟","type":3,"api":"csp_XPathMacFilter","searchable":1,"quickSearch":1,"filterable":1,"ext":"clan://TVBox/MaooXP/dadagui.json"},
{"key":"csp_xpath_jbb","name":"🦋剧白白","type":3,"api":"csp_XPathMacFilter","searchable":1,"quickSearch":1,"filterable":1,"ext":"clan://TVBox/MaooXP/jubaibai.json"},
{"key":"csp_xpath_独播库","name":"🦋独播库(系统播)","type":3,"api":"csp_XPathMacFilter","searchable":1,"quickSearch":1,"filterable":1,"ext":"clan://TVBox/MaooXP/duboku.json"},
{"key":"csp_xpath_ttsp","name":"🦋天天视频","type":3,"api":"csp_XPathMacFilter","searchable":0,"quickSearch":0,"filterable":1,"ext":"clan://TVBox/MaooXP/ttsp.json"},
{"key":"csp_xpath_Ole","name":"🦋欧乐(Exo)","type":3,"api":"csp_XPathMacFilter","searchable":1,"quickSearch":1,"filterable":1,"ext":"clan://TVBox/MaooXP/olevod.json"},
{"key":"csp_xpath_ctv","name":"🦋冲TMTV","type":3,"api":"csp_XPathMacFilter","searchable":1,"quickSearch":1,"filterable":1,"ext":"clan://TVBox/MaooXP/chongtmtv.json"},
{"key":"csp_xpath_汉城影院","name":"🦋汉城影院","type":3,"api":"csp_XPathMacFilter","searchable":1,"quickSearch":1,"filterable":1,"ext":"clan://TVBox/MaooXP/hancheng.json"},
{"key":"csp_xpath_4kpianku","name":"🦋4k片库网","type":3,"api":"csp_XPathMacFilter","searchable":1,"quickSearch":1,"filterable":1,"ext":"clan://TVBox/MaooXP/4kpianku.json"},
{"key":"csp_xpath_Jumi","name":"🦋剧迷TV","type":3,"api":"csp_XPathMacFilter","searchable":1,"quickSearch":1,"filterable":1,"ext":"clan://TVBox/MaooXP/Jumi.json"},
{"key":"csp_xpath_唐人街","name":"🦋唐人街","type":3,"api":"csp_XPathMacFilter","searchable":1,"quickSearch":1,"filterable":1,"ext":"clan://TVBox/MaooXP/Renjie.json"},
{"key":"csp_xpath_lranc","name":"🦋天天影视","type":3,"api":"csp_XPathMacFilter","searchable":1,"quickSearch":1,"filterable":1,"ext":"clan://TVBox/MaooXP/lranc.json"},
{"key":"csp_xpath_dmntv","name":"🦋弹幕影院","type":3,"api":"csp_XPathMacFilter","searchable":1,"quickSearch":1,"filterable":1,"ext":"clan://TVBox/MaooXP/dmntv.json"},
//
{"key":"csp_biubiu_LIBVIO","name":"🐛LIBVIO","type":3,"api":"csp_XBiubiu","searchable":1,"quickSearch":1,"filterable":0,"ext":"clan://TVBox/MaooXB/LIBVIO.json"},
{"key":"csp_biubiu_影视工厂","name":"🐛影视工厂","type":3,"api":"csp_XBiubiu","searchable":1,"quickSearch":1,"filterable":0,"ext":"clan://TVBox/MaooXB/影视工厂.json"},
{"key":"csp_biubiu_Lgyy","name":"🐛蓝光影院","type":3,"api":"csp_XBiubiu","searchable":1,"quickSearch":1,"filterable":1,"ext":"clan://TVBox/MaooXP/lgyy.json"},
{"key":"csp_biubiu_在线之家","name":"🐛在线之家","type":3,"api":"csp_XBiubiu","searchable":1,"quickSearch":1,"filterable":0,"ext":"clan://TVBox/MaooXB/在线之家.json"},
{"key":"csp_biubiu_周末电影","name":"🐛周末电影","type":3,"api":"csp_XBiubiu","searchable":1,"quickSearch":1,"filterable":0,"ext":"clan://TVBox/MaooXB/周末电影.json"},
{"key":"csp_biubiu_乐猪影视","name":"🐛乐猪影视","type":3,"api":"csp_XBiubiu","searchable":1,"quickSearch":1,"filterable":0,"ext":"clan://TVBox/MaooXB/乐猪影视.json"},
{"key":"csp_biubiu_厂长资源","name":"🐛厂长资源","type":3,"api":"csp_XBiubiu","searchable":1,"quickSearch":1,"filterable":0,"ext":"clan://TVBox/MaooXB/厂长资源-蓝光.json"},
{"key":"csp_biubiu_555电影","name":"🐛555电影","type":3,"api":"csp_XBiubiu","searchable":1,"quickSearch":1,"filterable":0,"ext":"clan://TVBox/MaooXB/555电影.json"},
{"key":"csp_biubiu_555资源","name":"🐛555资源","type":3,"api":"csp_XBiubiu","searchable":1,"quickSearch":1,"filterable":0,"ext":"clan://TVBox/MaooXB/555资源.json"},
{"key":"csp_biubiu_九亿资源","name":"🐛九亿资源","type":3,"api":"csp_XBiubiu","searchable":1,"quickSearch":1,"filterable":0,"ext":"clan://TVBox/MaooXB/9亿资源.json"},
{"key":"csp_biubiu_剧白白","name":"🐛剧白白","type":3,"api":"csp_XBiubiu","searchable":1,"quickSearch":1,"filterable":0,"ext":"clan://TVBox/MaooXB/剧白白-蓝光.json"},
{"key":"csp_biubiu_天空资源","name":"🐛天空资源","type":3,"api":"csp_XBiubiu","searchable":1,"quickSearch":1,"filterable":0,"ext":"clan://TVBox/MaooXB/天空资源.json"},
{"key":"csp_biubiu_饭团影院","name":"🐛饭团影院","type":3,"api":"csp_XBiubiu","searchable":1,"quickSearch":1,"filterable":0,"ext":"clan://TVBox/MaooXB/饭团影院.json"},
{"key":"csp_biubiu_思古影视2","name":"🐛思古影视2","type":3,"api":"csp_XBiubiu","searchable":1,"quickSearch":1,"filterable":0,"ext":"clan://TVBox/MaooXB/思古影视2.json"},
{"key":"csp_biubiu_影视之光","name":"🐛影视之光","type":3,"api":"csp_XBiubiu","searchable":1,"quickSearch":1,"filterable":0,"ext":"clan://TVBox/MaooXB/影视之光.json"},
{"key":"csp_biubiu_克拉TV","name":"🐛克拉TV","type":3,"api":"csp_XBiubiu","searchable":1,"quickSearch":1,"filterable":0,"ext":"clan://TVBox/MaooXB/克拉TV.json"},
{"key":"csp_biubiu_不开VIP","name":"🐛不开VIP","type":3,"api":"csp_XBiubiu","searchable":1,"quickSearch":1,"filterable":0,"ext":"clan://TVBox/MaooXB/不开VIP.json"},
{"key":"csp_biubiu_小猫咪","name":"🐛小猫咪","type":3,"api":"csp_XBiubiu","searchable":1,"quickSearch":1,"filterable":0,"ext":"clan://TVBox/MaooXB/小猫咪.json"},
{"key":"csp_biubiu_耐看点播","name":"🐛耐看点播","type":3,"api":"csp_XBiubiu","searchable":1,"quickSearch":1,"filterable":0,"ext":"clan://TVBox/MaooXB/耐看点播.json"},
{"key":"csp_biubiu_TVB云播","name":"🐛TVB云播","type":3,"api":"csp_XBiubiu","searchable":1,"quickSearch":1,"filterable":0,"ext":"clan://TVBox/MaooXB/TVB云播.json"},
{"key":"csp_biubiu_98播播网","name":"🐛98播播网","type":3,"api":"csp_XBiubiu","searchable":1,"quickSearch":1,"filterable":0,"ext":"clan://TVBox/MaooXB/98播播网.json"},
{"key":"csp_biubiu_乌龟影院","name":"🐛乌龟影院","type":3,"api":"csp_XBiubiu","searchable":1,"quickSearch":1,"filterable":0,"ext":"clan://TVBox/MaooXB/乌龟影院.json"},
{"key":"csp_biubiu_1080Kkk","name":"🐛1080Kkk","type":3,"api":"csp_XBiubiu","searchable":1,"quickSearch":1,"filterable":0,"ext":"clan://TVBox/MaooXB/1080Kkk.json"},
{"key":"csp_biubiu_北川影视","name":"🐛北川影视","type":3,"api":"csp_XBiubiu","searchable":1,"quickSearch":1,"filterable":0,"ext":"clan://TVBox/MaooXB/北川影视.json"},
{"key":"csp_biubiu_火火影视","name":"🐛火火影视","type":3,"api":"csp_XBiubiu","searchable":1,"quickSearch":1,"filterable":0,"ext":"clan://TVBox/MaooXB/火火影视.json"},
{"key":"csp_biubiu_hdmoli","name":"🐛hdmoli","type":3,"api":"csp_XBiubiu","searchable":1,"quickSearch":1,"filterable":0,"ext":"clan://TVBox/MaooXB/hdmoli.json"},
{"key":"csp_biubiu_口袋影院","name":"🐛口袋影院","type":3,"api":"csp_XBiubiu","searchable":1,"quickSearch":1,"filterable":0,"ext":"clan://TVBox/MaooXB/口袋影院.json"},
{"key":"csp_biubiu_达达龟","name":"🐛达达龟","type":3,"api":"csp_XBiubiu","searchable":1,"quickSearch":1,"filterable":0,"ext":"clan://TVBox/MaooXB/达达龟.json"},
{"key":"csp_biubiu_黑洞影视","name":"🐛黑洞影视","type":3,"api":"csp_XBiubiu","searchable":1,"quickSearch":1,"filterable":0,"ext":"clan://TVBox/MaooXB/黑洞影视.json"},
{"key": "csp_biubiu_神马dyy","name":"🐛神马dyy","type": 3,"api": "csp_XBiubiu","searchable": 1,"quickSearch": 1,"filterable": 0,"ext": "clan://TVBox/MaooXB/神马dyy.json"},
{"key": "csp_biubiu_神马kan","name":"🐛神马kan","type": 3,"api": "csp_XBiubiu","searchable": 1,"quickSearch": 1,"filterable": 0,"ext": "clan://TVBox/MaooXB/神马kan.json"},
{"key": "csp_biubiu_神马tv8","name":"🐛神马tv8","type": 3,"api": "csp_XBiubiu","searchable": 1,"quickSearch": 1,"filterable": 0,"ext": "clan://TVBox/MaooXB/神马tv8.json"},
{"key":"csp_biubiu_融兴影视","name":"🐛融兴影视","type":3,"api":"csp_XBiubiu","searchable":1,"quickSearch":1,"filterable":0,"ext":"clan://TVBox/MaooXB/融兴影视.json"},
{"key":"csp_biubiu_花猫TV","name":"🐛花猫TV","type":3,"api":"csp_XBiubiu","searchable":1,"quickSearch":1,"filterable":0,"ext":"clan://TVBox/MaooXB/花猫TV.json"},
{"key":"csp_biubiu_VIP1280","name":"🐛VIP1280","type":3,"api":"csp_XBiubiu","searchable":1,"quickSearch":1,"filterable":0,"ext":"clan://TVBox/MaooXB/VIP1280.json"},
{"key":"csp_biubiu_GIMY影视","name":"🐛GIMY影视","type":3,"api":"csp_XBiubiu","searchable":1,"quickSearch":1,"filterable":0,"ext":"clan://TVBox/MaooXB/GIMY影视.json"},
{"key":"csp_biubiu_COKEMV","name":"🐛COKEMV","type":3,"api":"csp_XBiubiu","searchable":1,"quickSearch":1,"filterable":0,"ext":"clan://TVBox/MaooXB/COKEMV.json"},
{"key":"csp_biubiu_YYDS影院","name":"🐛YYDS影院","type":3,"api":"csp_XBiubiu","searchable":1,"quickSearch":1,"filterable":0,"ext":"clan://TVBox/MaooXB/YYDS影院.json"},
{"key":"csp_biubiu_思乐影视","name":"🐛思乐影视","type":3,"api":"csp_XBiubiu","searchable":1,"quickSearch":1,"filterable":0,"ext":"clan://TVBox/MaooXB/思乐影视.json"},
{"key":"csp_biubiu_炫猫影视","name":"🐛炫猫影视","type":3,"api":"csp_XBiubiu","searchable":1,"quickSearch":1,"filterable":0,"ext":"clan://TVBox/MaooXB/炫猫影视.json"},
{"key":"csp_biubiu_九州影视","name":"🐛九州影视","type":3,"api":"csp_XBiubiu","searchable":1,"quickSearch":1,"filterable":0,"ext":"clan://TVBox/MaooXB/九州影视.json"},
{"key":"csp_biubiu_完美看看","name":"🐛完美看看","type":3,"api":"csp_XBiubiu","searchable":1,"quickSearch":1,"filterable":0,"ext":"clan://TVBox/MaooXB/完美看看影视.json"},
{"key":"csp_biubiu_小强迷","name":"🐛小强迷","type":3,"api":"csp_XBiubiu","searchable":1,"quickSearch":1,"filterable":0,"ext":"clan://TVBox/MaooXB/小强迷.json"},
{"key":"csp_biubiu_31看影视","name":"🐛31看影视","type":3,"api":"csp_XBiubiu","searchable":1,"quickSearch":1,"filterable":0,"ext":"clan://TVBox/MaooXB/31看影视.json"},
{"key":"csp_biubiu_创艺影视","name":"🐛创艺影视","type":3,"api":"csp_XBiubiu","searchable":1,"quickSearch":1,"filterable":0,"ext":"clan://TVBox/MaooXB/创艺影视.json"},
{"key":"csp_biubiu_骚火电影","name":"🐛骚火电影","type":3,"api":"csp_XBiubiu","searchable":1,"quickSearch":1,"filterable":0,"ext":"clan://TVBox/MaooXB/骚火电影.json"},
{"key":"csp_biubiu_鸭奈飞","name":"🐛鸭奈飞","type":3,"api":"csp_XBiubiu","searchable":1,"quickSearch":1,"filterable":0,"ext":"clan://TVBox/MaooXB/鸭奈飞.json"},
{"key":"csp_biubiu_奈落影院","name":"🐛奈落影院","type":3,"api":"csp_XBiubiu","searchable":1,"quickSearch":1,"filterable":0,"ext":"clan://TVBox/MaooXB/奈落影院.json"},
{"key":"csp_biubiu_23影院","name":"🐛23影院","type":3,"api":"csp_XBiubiu","searchable":1,"quickSearch":1,"filterable":0,"ext":"clan://TVBox/MaooXB/23影院.json"},
{"key":"csp_biubiu_蓝光影视","name":"🐛蓝光影视","type":3,"api":"csp_XBiubiu","searchable":1,"quickSearch":1,"filterable":0,"ext":"clan://TVBox/MaooXB/蓝光影视.json"},
{"key":"csp_biubiu_双十电影","name":"🐛双十电影","type":3,"api":"csp_XBiubiu","searchable":1,"quickSearch":1,"filterable":0,"ext":"clan://TVBox/MaooXB/双十电影.json"},
{"key":"csp_biubiu_莫扎兔","name":"🐛莫扎兔","type":3,"api":"csp_XBiubiu","searchable":1,"quickSearch":1,"filterable":0,"ext":"clan://TVBox/MaooXB/莫扎兔.json"},
{"key":"csp_biubiu_六度TV","name":"🐛六度TV","type":3,"api":"csp_XBiubiu","searchable":1,"quickSearch":1,"filterable":0,"ext":"clan://TVBox/MaooXB/六度TV.json"},
{"key":"csp_biubiu_348电影网","name":"🐛348电影网","type":3,"api":"csp_XBiubiu","searchable":1,"quickSearch":1,"filterable":0,"ext":"clan://TVBox/MaooXB/348电影网.json"},
{"key":"csp_biubiu_开心果电影网","name":"🐛开心果电影网","type":3,"api":"csp_XBiubiu","searchable":1,"quickSearch":1,"filterable":0,"ext":"clan://TVBox/MaooXB/开心果电影网.json"},
{"key":"csp_biubiu_如如影视","name":"🐛如如影视","type":3,"api":"csp_XBiubiu","searchable":1,"quickSearch":1,"filterable":0,"ext":"clan://TVBox/MaooXB/如如影视.json"},
{"key":"csp_biubiu_VIP电影院","name":"🐛VIP电影院","type":3,"api":"csp_XBiubiu","searchable":1,"quickSearch":1,"filterable":0,"ext":"clan://TVBox/MaooXB/VIP电影院.json"},
{"key":"csp_biubiu_看一看影视","name":"🐛看一看影视","type":3,"api":"csp_XBiubiu","searchable":1,"quickSearch":1,"filterable":0,"ext":"clan://TVBox/MaooXB/看一看影视.json"},
{"key":"csp_biubiu_789影视","name":"🐛789影视","type":3,"api":"csp_XBiubiu","searchable":1,"quickSearch":1,"filterable":0,"ext":"clan://TVBox/MaooXB/789影视.json"},
{"key":"csp_biubiu_人人影视","name":"🐛人人影视","type":3,"api":"csp_XBiubiu","searchable":1,"quickSearch":1,"filterable":0,"ext":"clan://TVBox/MaooXB/人人影视.json"},
{"key":"csp_biubiu_chok8电影","name":"🐛chok8电影","type":3,"api":"csp_XBiubiu","searchable":1,"quickSearch":1,"filterable":0,"ext":"clan://TVBox/MaooXB/chok8电影.json"},
{"key":"csp_biubiu_爱港剧","name":"🐛爱港剧","type":3,"api":"csp_XBiubiu","searchable":1,"quickSearch":1,"filterable":0,"ext":"clan://TVBox/MaooXB/爱港剧.json"},
{"key":"csp_biubiu_小熊影视","name":"🐛小熊影视","type":3,"api":"csp_XBiubiu","searchable":1,"quickSearch":1,"filterable":0,"ext":"clan://TVBox/MaooXB/小熊影视.json"},
{"key":"csp_biubiu_手机看剧","name":"🐛手机看剧","type":3,"api":"csp_XBiubiu","searchable":1,"quickSearch":1,"filterable":0,"ext":"clan://TVBox/MaooXB/手机看剧.json"},
{"key":"csp_biubiu_哔嘀影视","name":"🐛哔嘀影视","type":3,"api":"csp_XBiubiu","searchable":1,"quickSearch":1,"filterable":0,"ext":"clan://TVBox/MaooXB/哔嘀影视.json"},
{"key":"csp_biubiu_利丽娅电影","name":"🐛利丽娅电影","type":3,"api":"csp_XBiubiu","searchable":1,"quickSearch":1,"filterable":0,"ext":"clan://TVBox/MaooXB/利丽娅电影.json"},
{"key":"csp_biubiu_奈菲影院","name":"🐛奈菲影院","type":3,"api":"csp_XBiubiu","searchable":1,"quickSearch":1,"filterable":0,"ext":"clan://TVBox/MaooXB/奈菲影院.json"},
{"key":"csp_biubiu_七年影视","name":"🐛七年影视","type":3,"api":"csp_XBiubiu","searchable":1,"quickSearch":1,"filterable":0,"ext":"clan://TVBox/MaooXB/七年影视.json"},
{"key":"csp_biubiu_大象TV","name":"🐛大象TV","type":3,"api":"csp_XBiubiu","searchable":1,"quickSearch":1,"filterable":0,"ext":"clan://TVBox/MaooXB/大象TV.json"},
{"key":"csp_biubiu_4kan电影网","name":"🐛4kan电影网","type":3,"api":"csp_XBiubiu","searchable":1,"quickSearch":1,"filterable":0,"ext":"clan://TVBox/MaooXB/4kan电影网.json"},
{"key":"csp_biubiu_蓝莓影视","name":"🐛蓝莓影视","type":3,"api":"csp_XBiubiu","searchable":1,"quickSearch":1,"filterable":0,"ext":"clan://TVBox/MaooXB/蓝莓影视.json"},
{"key":"csp_biubiu_影渣渣","name":"🐛影渣渣","type":3,"api":"csp_XBiubiu","searchable":1,"quickSearch":1,"filterable":0,"ext":"clan://TVBox/MaooXB/影渣渣.json"},
{"key":"csp_biubiu_牛马TV","name":"🐛牛马TV","type":3,"api":"csp_XBiubiu","searchable":1,"quickSearch":1,"filterable":0,"ext":"clan://TVBox/MaooXB/牛马TV.json"},
{"key":"csp_biubiu_飘花播播","name":"🐛飘花播播","type":3,"api":"csp_XBiubiu","searchable":1,"quickSearch":1,"filterable":0,"ext":"clan://TVBox/MaooXB/飘花播播.json"},
{"key":"csp_biubiu_星空影视","name":"🐛星空影视","type":3,"api":"csp_XBiubiu","searchable":1,"quickSearch":1,"filterable":0,"ext":"clan://TVBox/MaooXB/星空影视.json"},
{"key":"csp_biubiu_豆角网","name":"🐛豆角网","type":3,"api":"csp_XBiubiu","searchable":1,"quickSearch":1,"filterable":0,"ext":"clan://TVBox/MaooXB/豆角网.json"},
{"key":"csp_biubiu_尘落影院","name":"🐛尘落影院","type":3,"api":"csp_XBiubiu","searchable":1,"quickSearch":1,"filterable":0,"ext":"clan://TVBox/MaooXB/尘落影院.json"},
{"key":"csp_biubiu_city电影","name":"🐛city电影","type":3,"api":"csp_XBiubiu","searchable":1,"quickSearch":1,"filterable":0,"ext":"clan://TVBox/MaooXB/city电影.json"},
{"key":"csp_biubiu_小傻瓜","name":"🐛小傻瓜","type":3,"api":"csp_XBiubiu","searchable":1,"quickSearch":1,"filterable":0,"ext":"clan://TVBox/MaooXB/小傻瓜.json"},
{"key":"csp_biubiu_电影馆","name":"🐛电影馆","type":3,"api":"csp_XBiubiu","searchable":1,"quickSearch":1,"filterable":0,"ext":"clan://TVBox/MaooXB/电影馆.json"},
{"key":"csp_biubiu_爱看影视","name":"🐛爱看影视","type":3,"api":"csp_XBiubiu","searchable":1,"quickSearch":1,"filterable":0,"ext":"clan://TVBox/MaooXB/爱看影视.json"},
{"key":"csp_biubiu_视中心影院","name":"🐛视中心影院","type":3,"api":"csp_XBiubiu","searchable":1,"quickSearch":1,"filterable":0,"ext":"clan://TVBox/MaooXB/视中心影院.json"},
{"key":"csp_biubiu_干饭影视","name":"🐛干饭影视","type":3,"api":"csp_XBiubiu","searchable":1,"quickSearch":1,"filterable":0,"ext":"clan://TVBox/MaooXB/干饭影视.json"},
{"key":"csp_biubiu_老茶馆","name":"🐛老茶馆","type":3,"api":"csp_XBiubiu","searchable":1,"quickSearch":1,"filterable":0,"ext":"clan://TVBox/MaooXB/老茶馆.json"},
{"key":"csp_biubiu_凛冬又至","name":"🐛凛冬又至","type":3,"api":"csp_XBiubiu","searchable":1,"quickSearch":1,"filterable":0,"ext":"clan://TVBox/MaooXB/凛冬又至.json"},
{"key":"csp_biubiu_红领巾","name":"🐛红领巾","type":3,"api":"csp_XBiubiu","searchable":1,"quickSearch":1,"filterable":0,"ext":"clan://TVBox/MaooXB/红领巾.json"},
{"key":"csp_biubiu_老电影","name":"🐛老电影","type":3,"api":"csp_XBiubiu","searchable":1,"quickSearch":1,"filterable":0,"ext":"clan://TVBox/MaooXB/老电影.json"},
{"key":"csp_biubiu_Nike影视网","name":"🐛Nike影视网","type":3,"api":"csp_XBiubiu","searchable":1,"quickSearch":1,"filterable":0,"ext":"clan://TVBox/MaooXB/Nike影视网.json"},
{"key":"csp_biubiu_伊雪湾","name":"🐛伊雪湾","type":3,"api":"csp_XBiubiu","searchable":1,"quickSearch":1,"filterable":0,"ext":"clan://TVBox/MaooXB/伊雪湾.json"},
{"key":"csp_biubiu_极品影视","name":"🐛极品影视","type":3,"api":"csp_XBiubiu","searchable":1,"quickSearch":1,"filterable":0,"ext":"clan://TVBox/MaooXB/极品影视.json"},
{"key":"csp_biubiu_139影视","name":"🐛139影视","type":3,"api":"csp_XBiubiu","searchable":1,"quickSearch":1,"filterable":0,"ext":"clan://TVBox/MaooXB/139影视.json"}, 
//
{"key":"csp_xml___WaBc腾讯","name":"🐝WaBc腾讯"   ,"type":1,"api":"https://wabc.ml/mao/1.php/provide/vod/","playUrl":"","searchable":1,"quickSearch":1},
{"key":"csp_xml___WaBc爱奇艺","name":"🐝WaBc爱奇艺"   ,"type":1,"api":"https://wabc.ml/mao/2.php/provide/vod/","playUrl":"","searchable":1,"quickSearch":1},
{"key":"csp_xml___诺迅资源","name":"🐝诺迅资源"   ,"type":1,"api":"https://caiji.nxflv.com/api.php/provide/vod/","playUrl":"https://www.nxflv.com/?url=","searchable":1,"quickSearch":1},
{"key":"csp_xml___M3U8资源","name":"🐝M3U8资源"   ,"type":1,"api":"http://www.zycaiji.net:7788/api.php/provide/vod/","playUrl":"","searchable":1,"quickSearch":1},
{"key":"csp_xml___畅视影视","name":"🐝畅视影视"   ,"type":1,"api":"http://app.reboju.net/api.php/provide/vod/","playUrl":"","searchable":1,"quickSearch":1},
{"key":"csp_xml___天堂资源","name":"🐝天堂资源"   ,"type":1,"api":"http://vipmv.cc/api.php/provide/vod/","playUrl":"","searchable":1,"quickSearch":1},
{"key":"csp_xml___快播云","name":"🐝快播云"     ,"type":1,"api":"http://www.kuaibozy.com/api.php/provide/vod/","playUrl":"","searchable":1,"quickSearch":1},
{"key":"csp_xml___江北资源","name":"🐝江北资源"   ,"type":1,"api":"https://gfzycj.hnmj.vip/api.php/provide/vod/","playUrl":"","searchable":1,"quickSearch":1},
{"key":"csp_xml___忆梦","name":"🐝忆 梦"      ,"type":1,"api":"http://anltv.cn/api.php/provide/vod/","playUrl":"","searchable":1,"quickSearch":1},
{"key":"csp_xml___看猫","name":"🐝看 猫"      ,"type":1,"api":"http://124.222.83.15:88/api.php/provide/vod/","playUrl":"","searchable":1,"quickSearch":1},
{"key":"csp_xml___雪人官采","name":"🐝雪人官采"   ,"type":1,"api":"https://zl.chinafix.wang/api.php/provide/vod/","searchable":1,"quickSearch":1},
{"key":"csp_xml___木子看剧","name":"🐝木子看剧"   ,"type":1,"api":"https://mzkj.maccms.cf/api.php/provide/vod/","searchable":1,"quickSearch":1},
{"key":"csp_xml___77电影","name":"🐝77电影"     ,"type":1,"api":"https://www.77diany.com/api.php/provide/vod/","playUrl":"","searchable":1,"quickSearch":1},
{"key":"csp_xml___外国影源","name":"🐝外国影源"   ,"type":1,"api":"http://api.nguonphim.tv/api.php/provide/vod/","playUrl":"","searchable":1,"quickSearch":1},
{"key":"csp_xml___CK资源","name":"🐝CK 资源"    ,"type":1,"api":"https://ckzy.me/api.php/provide/vod/","playUrl":"","searchable":1,"quickSearch":1},
{"key":"csp_xml___每天看看","name":"🐝每天看看"   ,"type":1,"api":"http://47.113.126.237:1234/api.php/provide/vod/","playUrl":"","searchable":1,"quickSearch":1},
{"key":"csp_xml___红牛资源","name":"🐝红牛资源"   ,"type":1,"api":"https://www.hongniuzy2.com/api.php/provide/vod/","playUrl":"","searchable":1,"quickSearch":1},
{"key":"csp_xml___飘花资源","name":"🐝飘花资源"   ,"type":1,"api":"http://www.zzrhgg.com/api.php/provide/vod/","playUrl":"","searchable":1,"quickSearch":1},
{"key":"csp_xml___百度资源","name":"🐝百度资源"   ,"type":1,"api":"https://api.apibdzy.com/api.php/provide/vod/","playUrl":"","searchable":1,"quickSearch":1},
{"key":"csp_xml___飞速资源","name":"🐝飞速资源"   ,"type":1,"api":"https://m3u8.feisuzyapi.com/api.php/provide/vod/","playUrl":"","searchable":1,"quickSearch":1},
{"key":"csp_xml___飞速资源2","name":"🐝飞速资源2"  ,"type":1,"api":"http://fszy1.com/api.php/provide/vod/","playUrl":"","searchable":1,"quickSearch":1},
{"key":"csp_xml___无尽资源","name":"🐝无尽资源"   ,"type":1,"api":"https://api.wujinapi.com/api.php/provide/vod/","playUrl":"","searchable":1,"quickSearch":1},
{"key":"csp_xml___番茄资源","name":"🐝番茄资源"   ,"type":1,"api":"http://api.fqzy.cc/api.php/provide/vod/","playUrl":"https://dp.fqplayer.com/dplayer/?url=","searchable":1,"quickSearch":1},
{"key":"csp_xml___U酷资源","name":"🐝U酷 资源"   ,"type":1,"api":"https://api.ukuapi.com/api.php/provide/vod/","playUrl":"","searchable":1,"quickSearch":1},
{"key":"csp_xml___光速资源","name":"🐝光速资源"   ,"type":1,"api":"https://api.guangsuapi.com/api.php/provide/vod/","playUrl":"","searchable":1,"quickSearch":1},
{"key":"csp_xml___天空资源","name":"🐝天空资源"   ,"type":1,"api":"https://api.tiankongapi.com/api.php/provide/vod/","playUrl":"","searchable":1,"quickSearch":1},
{"key":"csp_xml___天空资源2","name":"🐝天空资源2"   ,"type":1,"api":"https://m3u8.tiankongapi.com/api.php/provide/vod/","playUrl":"","searchable":1,"quickSearch":1},
{"key":"csp_xml___神速资源","name":"🐝神速资源"   ,"type":1,"api":"https://api.sszyapi.com/api.php/provide/vod/","playUrl":"","searchable":1,"quickSearch":1},
{"key":"csp_xml___飘花电影","name":"🐝飘花电影"   ,"type":1,"api":"http://www.zzrhgg.com/api.php/provide/vod/","playUrl":"","searchable":1,"quickSearch":1},
{"key":"csp_xml___樱花资源","name":"🐝樱花资源"   ,"type":1,"api":"https://m3u8.apiyhzy.com/api.php/provide/vod/","playUrl":"","searchable":1,"quickSearch":1},
{"key":"csp_xml___樱花资源2","name":"🐝樱花资源2"   ,"type":1,"api":"https://yhzy.cc/api.php/provide/vod/","playUrl":"","searchable":1,"quickSearch":1},
{"key":"csp_xml___卧龙资源","name":"🐝卧龙资源"   ,"type":1,"api":"https://collect.wolongzyw.com/api.php/provide/vod/","playUrl":"","searchable":1,"quickSearch":1},
{"key":"csp_xml___FOX采集","name":"🐝FOX 采集"   ,"type":1,"api":"https://foxzy.net/api.php/provide/vod/","playUrl":"","searchable":1,"quickSearch":1},
{"key":"csp_xml___FOX资源","name":"🐝FOX 资源"   ,"type":1,"api":"https://api.foxzyapi.com/api.php/provide/vod/","playUrl":"","searchable":1,"quickSearch":1},
{"key":"csp_xml___北斗星","name":"🐝北斗星"     ,"type":1,"api":"https://api.bdxapi.com/api.php/provide/vod/","playUrl":"","searchable":1,"quickSearch":1},
{"key":"csp_xml___39影视","name":"🐝3 9影视"    ,"type":1,"api":"https://www.39kan.com/api.php/provide/vod/","playUrl":"","searchable":1,"quickSearch":1},
{"key":"csp_xml___播放呀","name":"🐝播放呀"     ,"type":1,"api":"https://www.bofangya.com/api.php/provide/vod/","playUrl":"","searchable":1,"quickSearch":1},
{"key":"csp_xml___酷点资源","name":"🐝酷点资源"   ,"type":1,"api":"https://api.kuapi.cc/api.php/provide/vod/","playUrl":"","searchable":1,"quickSearch":1},
{"key":"csp_xml___想看资源","name":"🐝想看资源"   ,"type":1,"api":"https://xiangkanzy.com/api.php/provide/vod/","playUrl":"https://lyw28.com/m3u8/?url=","searchable":1,"quickSearch":1},
{"key":"csp_xml___想看资源2","name":"🐝想看资源2"  ,"type":1,"api":"https://m3u8.xiangkanapi.com/api.php/provide/vod/","playUrl":"https://lyw28.com/m3u8/?url=","searchable":1,"quickSearch":1},
{"key":"csp_xml___鱼乐资源","name":"🐝鱼乐资源"   ,"type":1,"api":"https://www.ylzy1.com/api.php/provide/vod/","playUrl":"","searchable":1,"quickSearch":1},
{"key":"csp_xml___橘猫资源","name":"🐝橘猫资源"   ,"type":1,"api":"http://www.zitv.cc/api.php/provide/vod/","playUrl":"","searchable":1,"quickSearch":1},
{"key":"csp_xml___影图资源","name":"🐝影图资源"   ,"type":1,"api":"https://cj.vodimg.top/api.php/provide/vod/","playUrl":"","searchable":1,"quickSearch":1},
{"key":"csp_xml___趣看采集","name":"🐝趣看采集"   ,"type":1,"api":"https://qkmp4.cn/api.php/provide/vod/","playUrl":"","searchable":1,"quickSearch":1},
{"key":"csp_xml___酷猫影视","name":"🐝酷猫影视"   ,"type":1,"api":"https://www.pgcms10.com/api.php/provide/vod/","playUrl":"","searchable":1,"quickSearch":1},
{"key":"csp_xml___松鼠资源","name":"🐝松鼠资源"   ,"type":1,"api":"https://m3u8.songshuzy.com/api.php/provide/vod/","playUrl":"","searchable":1,"quickSearch":1},
{"key":"csp_xml___共青春","name":"🐝共青春影院" ,"type":1,"api":"https://gqcyy.com/api.php/provide/vod/","playUrl":"","searchable":1,"quickSearch":1},
{"key":"csp_xml___量子资源","name":"🐝量子资源"   ,"type":1,"api":"http://cj.lziapi.com/api.php/provide/vod/","playUrl":"","searchable":1,"quickSearch":1},
{"key":"csp_xml___一拳动漫","name":"🐝一拳动漫"   ,"type":1,"api":"http://47.97.68.224/api.php/provide/vod/","playUrl":"","searchable":1,"quickSearch":1},
{"key":"csp_xml___段友影视","name":"🐝段友影视"   ,"type":1,"api":"http://shangjihuoke.com/api.php/provide/vod/","playUrl":"","searchable":1,"quickSearch":1},
{"key":"csp_xml___考拉TV","name":"🐝考拉TV"    ,"type":1,"api":"https://ikaola.tv/api.php/provide/vod/","playUrl":"","searchable":1,"quickSearch":1},
{"key":"csp_xml___200121","name":"🐝200121"   ,"type":1,"api":"https://www.200121.com/api.php/provide/vod/","playUrl":"","searchable":1,"quickSearch":1},
{"key":"人人资源","name":"🈚人人资源(优)","type":1,"api":"http://www.rrzyw.cc/api.php/provide/vod/","searchable":1,"quickSearch":1},
{"key":"人人影视","name":"🈚人人影视(优)","type":1,"api":"https://www.rrvipw.com/api.php/provide/vod/","searchable":1,"quickSearch":1},
//
{"key":"csp_appysv2_天空TV","name":"🐌天空TV","type":3,"api":"csp_AppYsV2","searchable":1,"quickSearch":1,"filterable":1,"ext":"http://tv.tkys.tv/api.php/iptv/vod/"},
{"key":"csp_appysv2_1080KK","name":"🐌1080KK","type":3,"api":"csp_AppYsV2","searchable":1,"quickSearch":1,"filterable":1,"ext":"http://123.250idc.com/mogai_api.php/v1.vod"},
{"key":"csp_appysv2_阿里影视","name":"🐌阿里影视","type":3,"api":"csp_AppYsV2","searchable":1,"quickSearch":1,"filterable":1,"ext":"http://aliys.cn:90/api.php/v1.vod"},
{"key":"csp_appysv2_比邻影视","name":"🐌比邻影视","type":3,"api":"csp_AppYsV2","searchable":1,"quickSearch":1,"filterable":1,"ext":"http://0hzy.cn:9990/mogai_api.php/v1.vod"},
{"key":"csp_appysv2_极酷影视","name":"🐌极酷影视","type":3,"api":"csp_AppYsV2","searchable":1,"quickSearch":1,"filterable":1,"ext":"https://jiku.vip/mogai_api.php/v1.vod"},
{"key":"csp_appysv2_熊猫视频","name":"🐌熊猫视频","type":3,"api":"csp_AppYsV2","searchable":1,"quickSearch":1,"filterable":1,"ext":"http://anegh.com/lvdou_api.php/v1.vod"},
{"key":"csp_appysv2_米来影视","name":"🐌米来影视","type":3,"api":"csp_AppYsV2","searchable":1,"quickSearch":1,"filterable":1,"ext":"http://42.51.37.161:2346/api.php/iptv/vod/"},
{"key":"csp_appysv2_聚多影视","name":"🐌聚多影视","type":3,"api":"csp_AppYsV2","searchable":1,"quickSearch":1,"filterable":1,"ext":"http://jdys.weetai.cn/api.php/iptv/vod/"},
{"key":"csp_appysv2_非凡影院","name":"🐌非凡影院","type":3,"api":"csp_AppYsV2","searchable":1,"quickSearch":1,"filterable":1,"ext":"http://cms.feifan12.xyz/api.php/iptv/vod/"},
{"key":"csp_appYsv2_爱酷影视","name": "🐌爱酷影视","type": 3,"api": "csp_AppYsV2","searchable": 1,"quickSearch": 1,"filterable": 1,"ext": "https://www.zhanlangbu.com/ruifenglb_api.php/v1.vod"},
{"key":"csp_appYsv2_飓风影视","name": "🐌飓风影视","type": 3,"api": "csp_AppYsV2","searchable": 1,"quickSearch": 1,"filterable": 1,"ext": "http://jf.35ys.cc/lehailb_api.php/v1.vod"},
{"key":"csp_appysv2_大熊","name":"🐌大熊","type":3,"api":"csp_AppYsV2","searchable":1,"quickSearch":1,"filterable":1,"ext":"https://dxys2233.com/mogai_api.php/v1.vod"},
{"key":"csp_appYsv2_零刻影院","name": "🐌零刻影院","type": 3,"api": "csp_AppYsV2","searchable": 1,"quickSearch": 1,"filterable": 1,"ext": "https://ys.ling00.cn/api.php/v1.vod"},
{"key":"csp_appYsv2_瑞丰影视","name": "🐌瑞丰影视","type": 3,"api": "csp_AppYsV2","searchable": 1,"quickSearch": 1,"filterable": 1,"ext": "http://121.204.249.135:4433/ruifenglb_api.php/v1.vod"},
{"key":"csp_appYsv2_美剧虫","name": "🐌美剧虫","type": 3,"api": "csp_AppYsV2","searchable": 1,"quickSearch": 1,"filterable": 1,"ext": "https://meijuchong.com/api.php/v1.vod"},
{"key":"csp_appysv2_小鸟动漫","name":"🐌小鸟动漫","type":3,"api":"csp_AppYsV2","searchable":1,"quickSearch":1,"filterable":1,"ext":"http://xydm.baicai.buzz/mogai_api.php/v1.vod"},
{"key":"csp_appysv2_小白动漫","name":"🐌小白动漫","type":3,"api":"csp_AppYsV2","searchable":1,"quickSearch":1,"filterable":1,"ext":"http://121.62.60.222:13579/xiaobai_api.php/v1.vod"},
{"key":"csp_appysv2_日诚影视","name":"🐌日诚影视","type":3,"api":"csp_AppYsV2","searchable":1,"quickSearch":1,"filterable":1,"ext":"http://tv.rcz168.com/api.php/v1.vod"},
{"key":"csp_appysv2_淘剧社","name":"🐌淘剧社","type":3,"api":"csp_AppYsV2","searchable":1,"quickSearch":1,"filterable":1,"ext":"https://app.shuhai99.com/api.php/v1.vod"},
{"key":"csp_appysv2_乐云影视","name":"🐌乐云影视","type":3,"api":"csp_AppYsV2","searchable":1,"quickSearch":1,"filterable":1,"ext":"https://www.leyun.tv/api.php/v1.vod"},
{"key":"csp_appysv2_冷视TV","name":"🐌冷视TV","type":3,"api":"csp_AppYsV2","searchable":1,"quickSearch":1,"filterable":1,"ext":"https://len.tv/api.php/v1.vod"},
{"key":"csp_appysv2_小南TV","name":"🐌小南TV","type":3,"api":"csp_AppYsV2","searchable":1,"quickSearch":1,"filterable":1,"ext":"http://n293.ngys.xyz/mv/api.php/Chengcheng/vod/"},
{"key":"csp_appysv2_看看视频","name":"🐌看看视频","type":3,"api":"csp_AppYsV2","searchable":1,"quickSearch":1,"filterable":1,"ext":"http://888.ccboke.top/ruifenglb_api.php/v1.vod"},
{"key":"csp_appysv2_快看影视","name":"🐌快看影视","type":3,"api":"csp_AppYsV2","searchable":1,"quickSearch":1,"filterable":1,"ext":"https://kuaikys.com/mogai_api.php/v1.vod"},
{"key":"csp_appysv2_柠檬TV","name":"🐌柠檬TV","type":3,"api":"csp_AppYsV2","searchable":1,"quickSearch":1,"filterable":1,"ext":"http://106.12.113.90:7575/api.php/iptv/vod/"},
{"key":"csp_appysv2_芒迅TV","name":"🐌芒迅TV","type":3,"api":"csp_AppYsV2","searchable":1,"quickSearch":1,"filterable":1,"ext":"http://www.hdyangtv.com/api.php/iptv/vod/"},
{"key":"csp_appysv2_盒子视界","name":"🐌盒子视界","type":3,"api":"csp_AppYsV2","searchable":1,"quickSearch":1,"filterable":1,"ext":"http://eh.tvzy.cc/api.php/iptv/vod/"},
{"key":"csp_appysv2_贵宾影院","name":"🐌贵宾影院","type":3,"api":"csp_AppYsV2","searchable":1,"quickSearch":1,"filterable":1,"ext":"https://vipdytv.com/api.php/iptv/vod/"},
{"key":"csp_appysv2_CV影视","name":"🐌CV影视","type":3,"api":"csp_AppYsV2","searchable":1,"quickSearch":1,"filterable":1,"ext":"http://www.cccvvv.top/api.php/iptv/vod/"},
{"key":"csp_appysv2_369TV","name":"🐌369TV","type":3,"api": "csp_AppYsV2","searchable":0,"quickSearch":0,"filterable":1,"ext":"http://8.142.23.147:555/api.php/Chengcheng/vod/"},
{"key":"csp_appysv2_2号币","name":"??2号币","type":3,"api":"csp_AppYsV2","searchable":1,"quickSearch":1,"filterable":1,"ext":"http://phoebe.cf/api.php/iptv/vod/"},
{"key":"csp_appys_影视大全","name":"🐌影视大全","type":3,"api":"csp_AppYs","searchable":1,"quickSearch":1,"filterable":1,"ext":"https://xc.xixi2yy.xyz/mogai_api.php/v1.vod"},
{"key":"csp_appys_月儿影视","name":"🐌月儿影视","type":3,"api":"csp_AppYs","searchable":1,"quickSearch":1,"filterable":1,"ext":"https://yue52.xyz/api.php/v1.vod"},
{"key":"csp_appys_熊猫动漫","name":"🐌熊猫动漫","type":3,"api":"csp_AppYs","searchable":1,"quickSearch":1,"filterable":1,"ext":"http://dongman.k8aa.com/mogai_api.php/v1.vod"},
{"key":"csp_appys_天天视频","name":"🐌天天视频","type":3,"api": "csp_AppYs","searchable":1,"quickSearch":1,"filterable":1,"ext":"http://app.qianju.cc/api.php/v1.vod"},
{"key":"csp_appys_沭阳影视","name":"🐌沭阳影视","type":3,"api":"csp_AppYs","searchable":1,"quickSearch":1,"filterable":1,"ext":"http://zjr.jurentiaodeng.com/api.php/v1.vod"},
{"key":"csp_appys_三日影院","name":"🐌三日影院","type":3,"api":"csp_AppYs","searchable":1,"quickSearch":1,"filterable":1,"ext":"https://www.3ri.net/api.php/v1.vod"},
{"key":"csp_appys_群鑫影视","name":"🐌群鑫影视","type":3,"api": "csp_AppYs","searchable":1,"quickSearch":1,"filterable":1,"ext":"http://www.qunxinys.com/api.php/v1.vod"},
{"key":"csp_appys_流星影院","name":"🐌流星影院","type":3,"api": "csp_AppYs","searchable":1,"quickSearch":1,"filterable":1,"ext":"http://app.216bk.xyz/api.php/v1.vod"},
{"key":"csp_appys_凌晨影视","name":"🐌凌晨影视","type":3,"api": "csp_AppYs","searchable":1,"quickSearch":1,"filterable":1,"ext":"https://vip.wscyun.com/api.php/v1.vod"},
{"key":"csp_appys_看剧吧","name":"🐌看剧吧","type":3,"api": "csp_AppYs","searchable":1,"quickSearch":1,"filterable":1,"ext":"http://app.ishen520.com/api.php/v1.vod"},
{"key":"csp_appys_筋斗云影视","name":"🐌筋斗云影视","type":3,"api": "csp_AppYs","searchable":1,"quickSearch":1,"filterable":1,"ext":"https://tv.jindcloud.com/api.php/v1.vod"},
{"key":"csp_appys_U5影视","name":"🐌U5影视","type":3,"api": "csp_AppYs","searchable":1,"quickSearch":1,"filterable":1,"ext":"https://appx.uy07.com/api.php/v1.vod"},
{"key":"csp_appys_MX影视","name":"🐌MX影视","type":3,"api": "csp_AppYs","searchable":1,"quickSearch":1,"filterable":1,"ext":"http://mkk.gotka.top/api.php/v1.vod"},
{"key":"csp_appys_影视阁","name":"🐌影视阁","type":3,"api": "csp_AppYs","searchable":1,"quickSearch":1,"filterable":1,"ext":"http://216.98.10.85/api.php/iptv/vod/"},
{"key":"csp_appysv2_影库","name":"🐌影库","type":3,"api":"csp_AppYsV2","searchable":1,"quickSearch":1,"filterable":1,"ext":"https://yingkudy.com/lvdou_api.php/v1.vod"},
{"key": "csp_AppYs2_段友影视","name": "🐌段友影视2","type": 3,"api": "csp_AppYsV2","searchable": 1,"quickSearch": 1,"filterable": 1,"ext": "https://shangjihuoke.com/api.php/tv.vod"},
{"key":"csp_appysv2_影视猫","name":"🐌影视猫","type":3,"api":"csp_AppYsV2","searchable":1,"quickSearch":1,"filterable":1,"ext":"https://vip.wscyun.com/api.php/v1.vod"},
{"key":"csp_appysv2_蒲公英视频","name":"🐌蒲公英视频","type":3,"api":"csp_AppYsV2","searchable":1,"quickSearch":1,"filterable":1,"ext":"http://www.pgy1.top/ruifenglb_api.php/v1.vod"},
{"key":"csp_appysv2_免费影视","name":"🐌免费影视","type":3,"api":"csp_AppYsV2","searchable":1,"quickSearch":1,"filterable":1,"ext":"http://111.229.120.180:88/lvdou_api.php/v1.vod"},
{"key":"csp_appysv2_金叶影院","name":"🐌金叶影院","type":3,"api":"csp_AppYsV2","searchable":1,"quickSearch":1,"filterable":1,"ext":"http://r.zjj.life:88/mv/api.php/Chengcheng/vod/"},
{"key":"csp_appysv2_独优影视","name":"🐌独优影视","type":3,"api":"csp_AppYsV2","searchable":1,"quickSearch":1,"filterable":1,"ext":"http://121.205.88.71:218/api.php/Chengcheng/vod/"}

],

"lives": [
    {
      "group": "redirect",
      "channels": [
        {
          "name": "redirect",
          "urls": [
            "proxy://do=live&type=txt&ext=Y2xhbjovL1RWQm94L3R2L2xpdmUudHh0"
          ]
        }
      ]
    }
  ],

  "flags": ["youku","qq","iqiyi","qiyi","letv","sohu","tudou","pptv","mgtv","wasu","bilibili","xigua","renrenmi","ltnb","CL4K","rx","dmplay","duoduozy","xfyun"],

  "parses": [
{"name":"自动解析","type":3,"url":"Demo"},
{"name":"自动线路","type": 2,"url": "Parallel"},
{"name":"线路1","type":1,"url":"http://27.124.4.42:4567/jhjson/ceshi.php?url=","ext":{"flag":["qiyi","qq","letv","sohu","youku","mgtv","bilibili","wasu","xigua","1905"]}},
{"name":"线路2","url": "http://81.71.48.249:4456/jsonc/293shipin.php?url=","type": 1,"i": "77",
"ext":{"flag":["qiyi","爱奇艺","奇艺","qq","腾讯","youku","优酷","pptv","PPTV","letv","乐视","bilibili","哔哩哔哩","哔哩","mgtv","芒果"]}},
{"name":"线路3","type":1,"url":"http://106.55.234.91:4433/?url=","ext":{"flag":["qiyi","qq","letv","sohu","youku","mgtv","bilibili","wasu","xigua","1905"]}},
{"name": "线路4","type": 1,"url": "http://81.71.48.249:4456/jsonc/longxia.php?url=","ext": {"flag": ["qq","qiyi","mgtv","youku","letv","sohu","xigua","1905"],"header": {"User-Agent": "Dart/2.14 (dart:io)"}}},
{"name": "Pro","type": 1,"url": "http://api.vip123kan.vip/?url=","ext": {"flag": ["youku","优酷","mgtv","芒果","qq","腾讯","qiyi","爱奇艺","qq","奇艺"]}},
{"name": "parwix1","type":1,"url": "https://jx.parwix.com:4433/player/?url=","ext":{"flag":["qq","腾讯","qiyi","爱奇艺","奇艺","youku","优酷","mgtv","芒果","letv","乐视","pptv","PPTV","sohu","bilibili","哔哩哔哩","哔哩"]}},
{"name": "parwix2","type":1,"url": "https://jx.parwix.com:4433/player/analysis.php?v=","ext":{"flag":["qq","腾讯","qiyi","爱奇艺","奇艺","youku","优酷","mgtv","芒果","letv","乐视","pptv","PPTV","sohu","bilibili","哔哩哔哩","哔哩"]}},
{"name": "parwix3","type": 1,"url": "https://api.parwix.com:4433/analysis/json/?uid=1735&my=cejkmnuvyBEFINR056&url="},
{"name": "综合/B站","type": 1,"url": "https://vip.parwix.com:4433/player/?url="},
{"name": "综合线路解析","type": 1,"url": "https://laisoyiba.com/mov/s/?sv=3&url="},
{"name": "纯净/B站","type": 1,"url": "https://z1.m1907.cn/?jx="},
{"name": "高速接口","type": 1,"url": "https://jsap.attakids.com/?url="},
{"name": "OK解析","type": 1,"url": "https://okjx.cc/?url="},
{"name": "OK解析2","type": 1,"url": "https://api.okjx.cc:3389/jx.php?url="},
{"name": "夜幕","type": 1,"url": "https://www.yemu.xyz/?url="},
{"name": "乐多资源","type": 1,"url": "https://api.leduotv.com/wp-api/ifr.php?isDp=1&vid="},
{"name": "爱豆","type": 1,"url": "https://jx.aidouer.net/?url="},
{"name": "虾米","type": 1,"url": "https://jx.xmflv.com/?url="},
{"name": "M3U8.TV","type": 1,"url": "https://jx.m3u8.tv/jiexi/?url="},
{"name": "人人迷","type": 1,"url": "https://jx.blbo.cc:4433/?url="},
{"name": "全民","type": 1,"url": "https://jx.quanmingjiexi.com/?url="},
{"name": "全民2","type": 1,"url": "https://chaxun.truechat365.com/?url="},
{"name": "PPJ蓝光解析","type": 1,"url": "https://bf.ppjbk.cn/?url="},
{"name": "PPJ解析","type": 1,"url": "https://jx.ppjbk.cn/?url="},
{"name": "PPJ弹幕解析2","type": 1,"url": "https://bf.ppjbk.cn/bf/?url="},
{"name": "m2090.","type": 1,"url": "https://m2090.com/?url="},
{"name": "云解析","type": 1,"url": "https://jx.ppflv.com/?url="},
{"name": "天翼解析","type": 1,"url": "https://www.qianyicp.com/vip/vip_g.php?url="},
{"name": "百域","type": 1,"url": "https://jx.618g.com/?url="},
{"name": "大幕","type": 1,"url": "https://jx.52damu.com/dmjx/jiexi.php?url="},
{"name": "RDHK","type": 1,"url": "https://jx.rdhk.net/?v="},
{"name": "淘电影","type": 1,"url": "https://jx.vodjx.top/vip/?url="},
{"name": "维多","type": 1,"url": "https://jx.ivito.cn/?url="},
{"name": "云端","type": 1,"url": "https://sb.5gseo.net/?url="},
{"name": "七哥","type": 1,"url": "https://jx.mmkv.cn/tv.php?url="},
{"name": "冰豆","type": 1,"url": "https://api.qianqi.net/vip/?url="},
{"name": "迪奥","type": 1,"url": "https://123.1dior.cn/?url="},
{"name": "CK","type": 1,"url": "https://www.ckplayer.vip/jiexi/?url="},
{"name": "游艺","type": 1,"url": "https://api.u1o.net/?url="},
{"name": "LE","type": 1,"url": "https://lecurl.cn/?url="},
{"name": "ckmov","type": 1,"url": "https://www.ckmov.vip/api.php?url="},
{"name": "playerjy/B站","type": 1,"url": "https://jx.playerjy.com/?url="},
{"name": "ccyjjd","type": 1,"url": "https://ckmov.ccyjjd.com/ckmov/?url="},
{"name": "爱豆","type": 1,"url": "https://jx.aidouer.net/?url="},
{"name": "诺诺","type": 1,"url": "https://www.ckmov.com/?url="},
{"name": "H8","type": 1,"url": "https://www.h8jx.com/jiexi.php?url="},
{"name": "BL","type": 1,"url": "https://vip.bljiex.com/?v="},
{"name": "解析la","type": 1,"url": "https://api.jiexi.la/?url="},
{"name": "MUTV","type": 1,"url": "https://jiexi.janan.net/jiexi/?url="},
{"name": "MAO","type": 1,"url": "https://www.mtosz.com/m3u8.php?url="},
{"name": "老板","type": 1,"url": "https://vip.laobandq.com/jiexi.php?url="},
{"name": "盘古","type": 1,"url": "https://www.pangujiexi.cc/jiexi.php?url="},
{"name": "盖世","type": 1,"url": "https://www.gai4.com/?url="},
{"name": "小蒋","type": 1,"url": "https://www.kpezp.cn/jlexi.php?url="},
{"name": "YiTV","type": 1,"url": "https://jiexi.us/?url="},
{"name": "星空","type": 1,"url": "http://60jx.com/?url="},
{"name": "0523","type": 1,"url": "https://go.yh0523.cn/y.cy?url="},
{"name": "17云","type": 1,"url": "https://www.1717yun.com/jx/ty.php?url="},
{"name": "4K","type": 1,"url": "https://jx.4kdv.com/?url="},
{"name": "云析","type": 1,"url": "https://jx.yparse.com/index.php?url="},
{"name": "8090","type": 1,"url": "https://www.8090g.cn/?url="},
{"name": "江湖","type": 1,"url": "https://api.jhdyw.vip/?url="},
{"name": "诺讯","type": 1,"url": "https://www.nxflv.com/?url="},
{"name": "PM","type": 1,"url": "https://www.playm3u8.cn/jiexi.php?url="},
{"name": "奇米","type": 1,"url": "https://qimihe.com/?url="},
{"name": "思云","type": 1,"url": "https://jx.ap2p.cn/?url="},
{"name": "听乐","type": 1,"url": "https://jx.dj6u.com/?url="},
{"name": "aijx","type": 1,"url": "https://jiexi.t7g.cn/?url="},
{"name": "52","type": 1,"url": "https://vip.52jiexi.top/?url="},
{"name": "黑米","type": 1,"url": "https://www.myxin.top/jx/api/?url="},
{"name": "豪华啦","type": 1,"url": "https://api.lhh.la/vip/?url="},
{"name": "凉城","type": 1,"url": "https://jx.mw0.cc/?url="},
{"name": "33t","type": 1,"url": "https://www.33tn.cn/?url="},
{"name": "180","type": 1,"url": "https://jx.000180.top/jx/?url="},
{"name": "无名","type": 1,"url": "https://www.administratorw.com/video.php?url="},
{"name": "黑云","type": 1,"url": "https://jiexi.380k.com/?url="},
{"name": "九八","type": 1,"url": "https://jx.youyitv.com/?url="},
{"name": "解02","type": 1,"url": "https://json.5lp.net/json.php?url="},
{"name": "解03","type": 1,"url": "http://115.231.218.97:1314/api/?key=RwOSJUQyDGtD5K2qJY&url="},
{"name": "解04","type": 1,"url": "https://jhjx.kuanjv.com/newky/?url="},
{"name": "解05","type": 1,"url": "http://ts.yjhan.com:8090/api/?key=Y4GefMCIQJz23mc06R&url="},
{"name": "解06","type": 1,"url": "https://json.hfyrw.com/mao.go?url="},
{"name": "解08","type": 1,"url": "http://47.100.138.210:91/home/api?type=ys&uid=7593435&key=ehortuyAHMNQTWX457&url="},
{"name": "解09","type": 1,"url": "https://jb.vjiangbei.com/home/api?type=ys&uid=281459&key=dhlotwxzABCIJMT189&url="},
{"name": "解10","type": 1,"url": "https://jf.96ym.cn/api/?key=4tuNi0EjxTYFzJIN5r&url="},
{"name": "解11","type": 1,"url": "https://jb.vjiangbei.com/home/api?type=ys&uid=2219260&key=hlmnpqswHIKQRSX146&url="},
{"name": "解12","type": 1,"url": "http://jf.96ym.cn/api/?key=c9bUhQL7YsuL7y8oFz&url="},
{"name": "解13","type": 1,"url": "http://42.157.128.85:880/analysis/json/?uid=2245&my=chorsvzDIKVWX34789&url="},
{"name": "解14","type": 1,"url": "http://23.224.174.74:5577/home/api?type=ys&uid=19722&key=aghknrsvxCDEGNRSUZ&url="},
{"name": "解15","type": 1,"url": "https://jx.7kjx.com/?url="},
{"name": "解16","type": 1,"url": "http://jiexi.kudian6.com/pzjx/zz.php?url="},
{"name": "解17","type": 1,"url": "http://47.100.138.210:91/home/api?type=ys&uid=243653&key=kqswxyABGHKLQSV127&url="},
{"name": "解18","type": 1,"url": "https://xt.gbxy.net.cn/api/?key=7gAmfK5typSVsg2Qnr&url="},
{"name": "解19","type": 1,"url": "https://svip.renrenmi.cc:2222/api/?key=nn4j8rukPXSVzR78E9&url="},
{"name": "解20","type": 1,"url": "https://kuba.renrenmi.cc:2266/api/?key=1PhqM8xRCbmfgwmcE2&url="},
{"name": "解21","type": 1,"url": "http://www.youhuifuligou.com/json/?id=1&url="},
{"name": "解22","type": 1,"url": "https://dd.mouliuk.com/home/api?type=ys&uid=12293&key=acfhkovxzDEIMPWX29&url="},
{"name": "解23","type": 1,"url": "https://vip.byteamone.cn/api/?key=vpO0packXeAp4XYCnA&url="},
{"name": "解24","type": 1,"url": "https://sbsb.i8k.cc/?url="},
{"name": "解25","type": 1,"url": "http://gq.bywdtk.cn/?url="},
{"name": "解26","type": 1,"url": "https://balabala.yatongle.com/api/?key=RuHZpg9zxigiLZRIyl&url="},
{"name": "解27","type": 1,"url": "http://jx.ledu8.cn/api/?key=P8QSgO61p1MpHV2ALn&url="},
{"name": "解28","type": 1,"url": "https://jb.vjiangbei.com/home/api?type=ys&uid=281459&key=cfnoprCDJKLNPQTY34&url="},
{"name": "解29","type": 1,"url": "http://47.100.138.210:91/home/api?type=ys&uid=1947441&key=bcfgjmuwCEORSVX237&url="},
{"name": "解30","type": 1,"url": "http://a.dxzj88.com/jhjson/?url="},
{"name": "解31","type": 1,"url": "https://svip.spchat.top/api/?key=SAl7tLs3Zzu5alSNtz&url="},
{"name": "解32","type": 1,"url": "https://vip.kpjx.cc/api/?key=3sKKYzWSxLmX1hnsMs&url="},
{"name": "解33","type": 1,"url": "http://47.100.138.210:91/home/api?type=ys&uid=1947441&key=bcfgjmuwCEORSVX237&url="},
{"name": "解34","type": 1,"url": "http://jf.jisutuku.top/api/?key=RHjXcjUTkyZnfWx9u4&url="},
{"name": "解35","type": 1,"url": "http://47.100.138.210:91/home/api?type=ys&uid=243653&key=kqswxyABGHKLQSV127&url="},
{"name": "解36","type": 1,"url": "http://42.157.128.85:880/analysis/json/?uid=2245&my=cdnouwxBHLMQSUVWZ1&url="},
{"name": "解37","type": 1,"url": "https://vip.rongxingvr.top/api/?key=JJEZkZIhzkA4cUtBfR&url="},
{"name": "解38","type": 1,"url": "https://jx.zhanlangbu.com/json.php/?url="},
{"name": "解39","type": 1,"url": "https://api.zakkpa.com:8888/analysis/json/?uid=39&my=ehklrtxzAFKLMNUXY2&url="},
{"name": "解40","type": 1,"url": "https://api.zakkpa.com:8888/analysis/json/?uid=39&my=bdfinvyBCDEJKUY089&url="},
{"name": "解41","type": 1,"url": "https://jx.kujiexi.net/m3u8.php?url="},
{"name": "解42","type": 1,"url": "http://jx.ykyunbo.com/m3u8.php?url="},
{"name": "解43","type": 1,"url": "https://player.aibozyplayer.com/m3u8/?url="},
{"name": "解44","type": 1,"url": "https://player.sewozyplayer.com/m3u8/?url="},
{"name": "解45","type": 1,"url": "https://help.siwazywcdn2.com:5278/m3u8.php?url="},
{"name": "解46","type": 1,"url": "https://player.leyuzy.net/?url="},
{"name": "解47","type": 1,"url": "https://api.xiusebf.com/m3u8/?url="},
{"name": "解48","type": 1,"url": "https://mgm3u8-player.com/player/DPm3u8.php?url="},
{"name": "解49","type": 1,"url": "https://player.77lehuo.com/aliplayer/?url="},
{"name": "解50","type": 1,"url": "https://jx.ykyunbo.com/m3u8.php?url="},
{"name": "解51","type": 1,"url": "http://www.ikukk.com/?url="},
{"name": "解52","type": 1,"url": "https://jx.xmflv.com/?url="},
{"name": "解53","type": 1,"url": "https://www.8090g.cn/?url="},
{"name": "解54","type": 1,"url": "http://api.diliktv.xyz/vip/jx.php?url="},
{"name": "解55","type": 1,"url": "https://nbjx.vip/?url="},
{"name": "解56","type": 1,"url": "https://api.okjx.cc:3389/jx.php?url="},
{"name": "解57","type": 1,"url": "https://www.xymav.com/?url="},
{"name": "解58","type": 1,"url": "https://9kjx.com/?url="},
{"name": "解59","type": 1,"url": "https://dp.fqplayer.com/dplayer/?url="},
{"name": "解60","type": 1,"url": "https://jx.blbo.cc:4433/?url="},
{"name": "解61","type": 1,"url": "https://api.iztyy.com/jiexi/?url="},
{"name": "解62","type": 1,"url": "https://www.91jxs.com/jiexi/?url="},
{"name": "解63","type": 1,"url": "http://vip.26db.cn/c/?url="},
{"name": "解64","type": 1,"url": "http://vip.26db.cn/f/?url="},
{"name": "解65","type": 1,"url": "http://vip.26db.cn/a/?url="},
{"name": "解66","type": 1,"url": "http://okjx.cc/?url="},
{"name": "解67","type": 1,"url": "http://jx.xdiaosi.com/?url="},
{"name": "解68","type": 1,"url": "http://jx.rdhk.net/?url="},
{"name": "解69","type": 1,"url": "https://ckmov.ccyjjd.com/ckmov/?url="},
{"name": "解70","type": 1,"url": "https://okjx.cc/?url="},
{"name": "解71","type": 1,"url": "https://www.nxflv.com/?url="},
{"name": "解72","type": 1,"url": "http://gq.bywdtk.cn/?url="},
{"name": "解73","type": 1,"url": "https://api.zakkpa.com:8888/analysis/json/?uid=91&my=gjksuvCHIJLRS01268&url="},
{"name": "解74","type": 1,"url": "http://jx.ledu8.cn/api/?key=P8QSgO61p1MpHV2ALn&url="},
{"name": "解75","type": 1,"url": "https://json.legendwhb.cn/json.php/?url="},
{"name": "解76","type": 1,"url": "http://14.17.115.200:520/json.php?id=6e5LaYyU5JLs9aRawyGKwPkH7ZFr701z&url="},
{"name": "解77","type": 1,"url": "http://newjiexi.gotto.top/yun_apib.php/?url="},
{"name": "解78","type": 1,"url": "http://vipjh.chunbaotaiji.com/?url="},
{"name": "解79","type": 1,"url": "https://jhjx.ptygx.com/xttyjx.php/?url="},
{"name": "解80","type": 1,"url": "https://www.ckplayer.vip/jiexi/?url="},
{"name": "解81","type": 1,"url": "https://vip.laobandq.com/jiexi.php?url="},
//
{"name": "解84","type": 1,"url": "https://svip.bljiex.cc/?v="},
{"name": "解85","type": 1,"url": "https://www.1717yun.com/api/?url="},
{"name": "解89","type": 1,"url": "https://api.qianqi.net/vip/?url="},
{"name": "解87","type": 1,"url": "https://www.ikukk.com/?url="},
{"name": "解88","type": 1,"url": "https://www.playm3u8.cn/jiexi.php?url="},
{"name": "解89","type": 1,"url": "https://vip.bljiex.com/?v="},
{"name": "解90","type": 1,"url": "https://api.jiexi.la/?url="},
{"name": "解91","type": 1,"url": "https://jx.m3u8.tv/jiexi/?url="},
{"name": "解92","type": 1,"url": "http://47.100.138.210:92/?url="},
{"name": "解93","type": 1,"url": "https://humaosp.com/json.php?url="},
{"name": "解94","type": 1,"url": "https://jx.iztyy.com/svip/?url="},
{"name": "解95","type": 1,"url": "https://660e.com/?url="},
{"name": "解96","type": 1,"url": "https://www.8090.la/8090/?url="},
{"name": "解97","type": 1,"url": "https://jx.daidaitv.top:43810/?url="},
{"name": "解98","type": 1,"url": "https://www.vodjx.top/api/?key=XSQzk8KFK1I7FfPK5X&url="},
{"name": "解99","type": 1,"url": "https://www.vodjx.top/api/?key=XSQzk8KFK1I7FfPK5X&url="},
{"name": "解100","type": 1,"url": "https://z1.m1907.cn/?jx="},
{"name": "解101","type": 1,"url": "https://player.maqq.cn/?url="},
{"name": "解102","type": 1,"url": "https://jx.renrenmi.cc/?url="},
{"name": "解103","type": 1,"url": "https://fast.rongxingvr.cn:8866/api/?key=J4mUIu3DrRtIOojDox&url="},
{"name": "解104","type": 1,"url": "https://fast.rongxingvr.cn:8866/api/?key=jtDZ22biNujOBLlgoe&url="},
{"name": "解105","type": 1,"url": "http://fast.rongxingvr.cn:99/api/?key=M3tZzS2q0oGrQ7aWlr&url="},
{"name": "解106","type": 1,"url": "https://fast.rongxingvr.cn:8866/api/?key=rmxOw7BpINuGIyWQng&url="},
{"name": "解107","type": 1,"url": "https://fast.rongxingvr.cn:8866/api/?key=nrR7koAyq9ajKId4nC&url="},
{"name": "解108","type": 1,"url": "https://supervip.rongxingvr.cn:8866/api/?key=nKn4eO8giUKSe8jxZU&url="},
{"name": "解109","type": 1,"url": "http://m2090.com/?url="},
{"name": "解110","type": 1,"url": "https://api.m3u8.tv:5678/home/api?type=ys&uid=1285201&key=bcikqtwxyADEGKUX36&url="},
{"name": "解111","type": 1,"url": "https://api.m3u8.tv:5678/home/api?type=ys&uid=998036&key=afhlnuvzDJLMOX3689&url="},
{"name": "解112","type": 1,"url": "https://api.m3u8.tv:5678/home/api?type=ys&uid=7743764&key=acgjlopuxACEHJLT48&url="},
{"name": "解113","type": 1,"url": "https://api.m3u8.tv:5678/home/api?type=ys&uid=1095368&key=cdgjpsuDFLNRTUVY03&url="},
{"name": "解114","type": 1,"url": "https://api.m3u8.tv:5678/home/api?type=ys&uid=123503&key=fgkqryzDEFLNQSTW69&url="},
{"name": "解115","type": 1,"url": "https://api.m3u8.tv:5678/home/api?type=ys&uid=7665652&key=dglmnwEFILMOPRW056&url="},
{"name": "解116","type": 1,"url": "https://api.m3u8.tv:5678/home/api?type=ys&uid=1525223&key=fhikpsvBCDFHJOSUZ8&url="},
{"name": "解117","type": 1,"url": "https://api.m3u8.tv:5678/home/api?type=ys&uid=1494542&key=ijmqvwxABEHILMOT48&url="},
{"name": "解118","type": 1,"url": "https://api.m3u8.tv:5678/home/api?type=ys&uid=594615&key=bcehpqtxCEGKMT0248&url="},
{"name": "解119","type":1,"url":"https://api.m3u8.tv:5678/home/api?type=ys&uid=1931000&key=gktuvyzABEORSYZ135&url=","ext":{	"flag":["youku","优酷","qq","腾讯","mgtv","芒果"]}},
{"name": "解120","type":1,"url":"https://api.m3u8.tv:5678/home/api?type=ys&uid=9105801&key=huwxFGILMOQSTUZ679&url=","ext":{"flag":["qq","腾讯","qiyi","爱奇艺","奇艺","youku","优酷","mgtv","芒果"]}},
{"name": "解121","type":1,"url":"https://json.pangujiexi.com:12345/json.php?url=","ext":{"flag":["qq","腾讯","qiyi","爱奇艺","奇艺","youku","优酷","mgtv","芒果"]}},
{"name": "解122","type": 1,"url": "https://www.pangujiexi.com/pangu/?url="},
{"name": "解析04","type": 1,"url": "http://jf.tcspvip.com:246/home/api?type=ys&uid=65404&key=bjoprtvyABGIMPXZ27&url="},
{"name": "播放呀","type": 1,"url": "https://jx.vk95.com/xx/?url="},
{"name": "剧好看","type": 1,"url": "https://www.mtosz.com/m3u8.php?url="},
{"name": "想看资源","type": 1,"url": "https://lyw28.com/m3u8/?url="},
{"name":"bilibili","type":1,"url":"https://vip.23at.cn/home/api?type=ys&uid=4883852&key=adfimsvxzDKNOVX389&url=","ext":{	"flag":["bilibili"]}},
{"name":"leduo","type":1,"url":"https://api.ldjx.cc/wp-api/getvodurl.php?token=1001&vid=","ext":{"flag":["leduo"]}},
{"name":"duoduozy2","type":1,"url":"https://a.dxzj88.com/jxjx/dd.php?url=","ext":{"flag":["duoduozy"]}},
{"name":"renrenmi1","type":1,"url":"https://jx.blbo.cc:4433/?url="},
{"name":"renrenmi2","type":1,"url":"https://a.dxzj88.com/jxrrm/jiami.php?url=","ext":{"flag":["rrm3u8"]}},
{"name":"renrenmi3","type":1,"url":"https://sz.dxzj88.com/jxrjrm/jiaomi.php?url=","ext":{"flag":["rrm3u8"]}},
{"name":"Pro2","type":1,"url":"https://vip.rongxingvr.top/api/?type=ys&key=JJEZkZIhzkA4cUtBfR&url=","ext":{"flag":["ltnb","rx","qiyi","爱奇艺","qq","奇艺","sohu","letv","youku","优酷","mgtv","芒果"]}},
{"name":"2","type":1,"url":"https://jx.mczdyw.com/xg.php?url=","ext":{"flag":["mgtv","芒果"]}},
{"name":"3","type":1,"url":"https://www.aiaine.com/api/?key=kVqmG5dAQ5dZTcECw8&url=","ext":{"flag":["youku","优酷","mgtv","芒果","qq","腾讯","qiyi","爱奇艺","qq","奇艺"]}},
{"name":"4","type":1,"url":"https://svip.rongxingvr.top/api/?key=niBgMGXVdCQhsmeEBK&url=","ext":{	"flag":["youku","优酷","mgtv","芒果","qq","腾讯","qiyi","爱奇艺","qq","奇艺"]}},
{"name":"8","type":1,"url":"https://app.iminna.com/jx/?url=","ext":{"flag":["youku","优酷","mgtv","芒果","qq","腾讯","qiyi","爱奇艺","qq","奇艺"]}},
{"name":"初心影视1","type":1,"url":"http://jhpc.manduhu.com/j1217.php?url=","ext":{"flag":["youku","优酷","qq","腾讯","mgtv","芒果"]}},
{"name":"飓风影院2","type":1,"url":"https://vvip.funsline.cn/api/?key=3xWfEoDf4V9p9Y20CR&url=","ext":{"flag":["ziqie","youku","优酷","qiyi","爱奇艺","奇艺","mgtv","芒果","qq","腾讯"]}},
{"name":"我爱电影网","type":1,"url":"https://jhpc.manduhu.com/j1217.php?url=","ext":{"flag":["qiyi","爱奇艺","奇艺","mgtv","芒果","youku","优酷","pptv","PPTV"]}},
{"name":"江湖解析","type":1,"url":"http://103.40.240.46/jh/?url=","ext":{	"flag":["renrenmi","qq","腾讯","youku","优酷","mgtv","芒果","xigua","西瓜"]}},
{"name":"王牌","type":1,"url":"https://za.kuanjv.com/?url=","ext":{"flag":["qq","腾讯","qiyi","爱奇艺","奇艺","youku","优酷","mgtv","芒果","搜狐","sohu","letv","乐视","bilibili","哔哩哔哩","哔哩","xigua","西瓜"]}},
{"name":"我爱电影网","type":1,"url":"https://jhpc.manduhu.com/j1217.php?url=","ext":{"flag":["qq","腾讯","qiyi","爱奇艺","奇艺","youku","优酷","mgtv","芒果","乐视","letv","PPTV","pptv","bilibili","哔哩哔哩","哔哩"]}},
{"name":"欢雨","type":1,"url":"http://www.youhuifuligou.com/json/?id=7&url=","ext":{"flag":["qq","腾讯","qiyi","爱奇艺","奇艺","youku","优酷","letv","乐视","xigua","西瓜"]}},
{"name":"hfyrw","type":1,"url":"https://json.hfyrw.com/mao.go?url=","ext":{"flag":["ltnb","renrenmi"]}},
{"name":"aiaine02","type":1,"url":"https://vip.aiaine.com/api/?key=8FN8gNAySnvJiMllxZ&url=","ext":{"flag":["ltnb","renrenmi","xfyun","miaoparty","miaoparty2","miaoparty3","longteng","xueren"]}},
{"name":"五一解析","type":1,"url":"https://json.5lp.net/json.php?url=","ext":{"flag":["ltnb","renrenmi","rx","rongxing"]}},
{"name":"RongXingVR","type":1,"url":"https://vip.rongxingvr.top/api/?key=JJEZkZIhzkA4cUtBfR&url=","ext":{"flag":["renrenmi","rx","rongxing","mgtv","芒果","bilibili","哔哩哔哩","哔哩"]}},
{"name":"jx165","type":1,"url":"https://ltjx.kuaixiao.vip/home/api?type=ys&uid=506916&key=dlmpwBHIKLMPQRVW23&url=","ext":{"flag":["ltnb"]}},
{"name":"J13","type":1,"url":"https://languangyingshiziyuan.1080zy.top/longtengzy.php/?url=","ext":{"flag":["ltnb"]}},
{"name":"xfyun云","type":1,"url":"https://vip.xfyun.one/home/api?type=ys&uid=2581923&key=ceijpquvBMOSUVXZ23&url=","ext":{"flag":["xfyun"]}},
{"name":"Wuduzy","type":1,"url":"https://aa.xkys.tv/json.php?url=","ext":{"flag":["wuduzy"]}},
{"name":"LTRX","type":1,"url":"https://svip.spchat.top/api/?type=ys&key=bKemW41JnxmQb4l67h&url=","ext":{"flag":["rx"]}},
{"name":"喵派对资源3","type":1,"url":"https://vip.aiaine.com/api/?key=fOWaGgFU45zlIjvbHI&url=","ext":{"flag":["ltnb","renrenmi"]}},
{"name":"喵派对资源2","type":1,"url":"https://svip.iremind.me/api/?key=A5Db8HF8c8FSIOR6R1&url=","ext":{"flag":["renrenmi","qq","腾讯","qiyi","爱奇艺","奇艺","youku","优酷","mgtv","芒果","bilibili","哔哩哔哩","哔哩","sohu"]}},
{"name":"leduotv","type":1,"url":"https://api.leduotv.com/wp-api/getvodurl.php?vid=","ext":{"flag":["leduo"]}},
{"name":"OJBK","type":0,"url":"https://jmwl.qd234.cn/v/?v=","ext":{"flag":["ltnb","renrenmi","rx","xfyun","muxm3u8","xigua","xueren","qq","腾讯","qiyi","爱奇艺","奇艺","youku","优酷","mgtv","芒果","bilibili","哔哩哔哩","哔哩","pptv","PPTV","sohu","letv"]}},
{"name":"M117","type":0,"url":"http://1.117.152.239:39000/?url="},
{"name":"zui","type":0,"url":"https://jx.zui.cm/?url=","ext":{"flag":["ltnb"]}},
{"name":"xuerenweb","type":0,"url":"https://s.2tu.uk/?url=","ext":{"flag":["xueren"]}},
{"name":"xuerenweb2","type":0,"url":"https://xrm3u8.qd234.cn/?url=","ext":{"flag":["xueren"]}},
{"name":"美剧虫","type":0,"url":"https://jx.daiguaji.com/?url=","ext":{"flag":["zijian"]}},
{"name":"miao","type":0,"url":"https://jx.58g8.com/1/?url=","ext":{"flag":["miaoparty"]}},
{"name":"web1","type":0,"url":"https://www.nxflv.com/?url=","ext":{"flag":["youku","优酷","mgtv","芒果","qq","腾讯","qiyi","爱奇艺","qq","奇艺","sohu","letv"]}},
{"name":"万能解析","type":0,"url":"https://vip.legendwhb.cn/m3u8.php?url=","ext":{"flag":["ltnb","renrenmi","qq","腾讯","qiyi","爱奇艺","奇艺","youku","优酷","mgtv","芒果","bilibili","哔哩哔哩","哔哩"]}},
{"name":"ltnb04","type":0,"url":"https://vip.bljiex.com/?v=","ext":{"flag":["ltnb"]}},
{"name":"ltnb02","type":0,"url":"https://jx.zui.cm/?url=","ext":{"flag":["ltnb"]}},
{"name":"CL4K01","type":0,"url":"https://ys.ling00.cn/CL4K/?url=","ext":{"flag":["CL4K","qq","腾讯"]}},
{"name":"CL4K02","type":0,"url":"https://app.okmedcos.com/4k/?url=","ext":{"flag":["CL4K","qq","腾讯","pptv","PPTV"]}}


  ],
  "ijk": [
    {
      "group": "软解码",
      "options": [
        {
          "category": 4,
          "name": "opensles",
          "value": "0"
        },
        {
          "category": 4,
          "name": "overlay-format",
          "value": "842225234"
        },
        {
          "category": 4,
          "name": "framedrop",
          "value": "1"
        },
        {
          "category": 4,
          "name": "soundtouch",
          "value": "1"
        },
        {
          "category": 4,
          "name": "start-on-prepared",
          "value": "1"
        },
        {
          "category": 1,
          "name": "http-detect-range-support",
          "value": "0"
        },
        {
          "category": 1,
          "name": "fflags",
          "value": "fastseek"
        },
        {
          "category": 2,
          "name": "skip_loop_filter",
          "value": "48"
        },
        {
          "category": 4,
          "name": "reconnect",
          "value": "1"
        },
        {
          "category": 4,
          "name": "max-buffer-size",
          "value": "5242880"
        },
        {
          "category": 4,
          "name": "enable-accurate-seek",
          "value": "0"
        },
        {
          "category": 4,
          "name": "mediacodec",
          "value": "0"
        },
        {
          "category": 4,
          "name": "mediacodec-auto-rotate",
          "value": "0"
        },
        {
          "category": 4,
          "name": "mediacodec-handle-resolution-change",
          "value": "0"
        },
        {
          "category": 4,
          "name": "mediacodec-hevc",
          "value": "0"
        },
        {
          "category": 1,
          "name": "dns_cache_timeout",
          "value": "600000000"
        }
      ]
    },
    {
      "group": "硬解码",
      "options": [
        {
          "category": 4,
          "name": "opensles",
          "value": "0"
        },
        {
          "category": 4,
          "name": "overlay-format",
          "value": "842225234"
        },
        {
          "category": 4,
          "name": "framedrop",
          "value": "1"
        },
        {
          "category": 4,
          "name": "soundtouch",
          "value": "1"
        },
        {
          "category": 4,
          "name": "start-on-prepared",
          "value": "1"
        },
        {
          "category": 1,
          "name": "http-detect-range-support",
          "value": "0"
        },
        {
          "category": 1,
          "name": "fflags",
          "value": "fastseek"
        },
        {
          "category": 2,
          "name": "skip_loop_filter",
          "value": "48"
        },
        {
          "category": 4,
          "name": "reconnect",
          "value": "1"
        },
        {
          "category": 4,
          "name": "max-buffer-size",
          "value": "5242880"
        },
        {
          "category": 4,
          "name": "enable-accurate-seek",
          "value": "0"
        },
        {
          "category": 4,
          "name": "mediacodec",
          "value": "1"
        },
        {
          "category": 4,
          "name": "mediacodec-auto-rotate",
          "value": "1"
        },
        {
          "category": 4,
          "name": "mediacodec-handle-resolution-change",
          "value": "1"
        },
        {
          "category": 4,
          "name": "mediacodec-hevc",
          "value": "1"
        },
        {
          "category": 1,
          "name": "dns_cache_timeout",
          "value": "600000000"
        }
      ]
    }
  ],
  "ads": [
    "mimg.0c1q0l.cn",
    "www.googletagmanager.com",
    "www.google-analytics.com",
    "mc.usihnbcq.cn",
    "mg.g1mm3d.cn",
    "mscs.svaeuzh.cn",
    "cnzz.hhttm.top",
    "tp.vinuxhome.com",
    "cnzz.mmstat.com",
    "www.baihuillq.com",
    "s23.cnzz.com",
    "z3.cnzz.com",
    "c.cnzz.com",
    "stj.v1vo.top",
    "z12.cnzz.com",
    "img.mosflower.cn",
    "tips.gamevvip.com",
    "ehwe.yhdtns.com",
    "xdn.cqqc3.com",
    "www.jixunkyy.cn",
    "sp.chemacid.cn",
    "hm.baidu.com",
    "s9.cnzz.com",
    "z6.cnzz.com",
    "um.cavuc.com",
    "mav.mavuz.com",
    "wofwk.aoidf3.com",
    "z5.cnzz.com",
    "xc.hubeijieshikj.cn",
    "tj.tianwenhu.com",
    "xg.gars57.cn",
    "k.jinxiuzhilv.com",
    "cdn.bootcss.com",
    "ppl.xunzhuo123.com",
    "xomk.jiangjunmh.top",
    "img.xunzhuo123.com",
    "z1.cnzz.com",
    "v1.cnzz.com",
    "s13.cnzz.com",
    "xg.huataisangao.cn",
    "z7.cnzz.com",
    "xg.huataisangao.cn",
    "z2.cnzz.com",
    "s96.cnzz.com",
    "q11.cnzz.com",
    "thy.dacedsfa.cn",
    "xg.whsbpw.cn",
    "s19.cnzz.com",
    "z8.cnzz.com",
    "s4.cnzz.com",
    "f5w.as12df.top",
    "ae01.alicdn.com",
    "videocloud.cn-hangzhou.log.aliyuncs.com",
    "www.92424.cn",
    "k.wudejia.com",
    "vivovip.mmszxc.top",
    "qiu.xixiqiu.com",
    "cdnjs.hnfenxun.com",
    "cms.qdwght.com"
  ]
}