﻿{"sites": [

//爬虫线路

{"key": "teyond__pc__焦炭影视","name": "焦炭影视〔P〕","type": 3,"api": "csp_Cokemv"        ,"searchable": 1,"quickSearch": 1,"filterable": 1},
{"key": "teyond__pc__七七影院","name": "七七影院〔P〕","type": 3,"api": "csp_Kunyu77"       ,"searchable": 1,"quickSearch": 1,"filterable": 1},
{"key": "teyond__pc__在线之家","name": "在线之家〔P〕","type": 3,"api": "csp_Zxzj"          ,"searchable": 1,"quickSearch": 1,"filterable": 1},
{"key": "teyond__pc__官方资源","name": "官方资源〔P〕","type": 3,"api": "csp_SP360"         ,"searchable": 1,"quickSearch": 1,"filterable": 1},

//xpath线路

{"key": "teyond__xp__极品影视","name": "极品影视〔X〕","type": 3,"api": "csp_XPathMac"      ,"searchable": 1,"quickSearch": 1,"filterable": 0,"ext": "clan://TVBox/MaooXB/极品影视.json"},
{"key": "teyond__xp__动漫巴士","name": "动漫巴士〔X〕","type": 3,"api": "csp_XPath"         ,"searchable": 1,"quickSearch": 1,"filterable": 0,"ext": "clan://TVBox/MaooXB/动漫巴士.json"},
{"key": "teyond__xp__AGE动漫" ,"name": "AGE动漫〔X〕 ","type": 3,"api": "csp_XPath"         ,"searchable": 1,"quickSearch": 1,"filterable": 1,"ext": "clan://TVBox/MaooXB/AGE动漫.json"},
{"key": "teyond__xp__影视工厂","name": "影视工厂〔X〕","type": 3,"api": "csp_XBiubiu"       ,"searchable": 1,"quickSearch": 1,"filterable": 0,"ext": "clan://TVBox/MaooXB/影视工厂.json"},
{"key": "teyond__xp__三五影院","name": "三五影院〔X〕","type": 3,"api": "csp_XBiubiu"       ,"searchable": 1,"quickSearch": 1,"filterable": 0,"ext": "clan://TVBox/MaooXB/三五影院.json"},
{"key": "teyond__xp__乐猪影视","name": "乐猪影视〔X〕","type": 3,"api": "csp_XBiubiu"       ,"searchable": 1,"quickSearch": 1,"filterable": 0,"ext": "clan://TVBox/MaooXB/乐猪影视.json"},
{"key": "teyond__xp__乐猪影院","name": "乐猪影院〔X〕","type": 3,"api": "csp_XPathMac"      ,"searchable": 1,"quickSearch": 1,"filterable": 0,"ext": "clan://TVBox/MaooXB/乐猪影院.json"},
{"key": "teyond__xp__数字直链","name": "数字直链〔X〕","type": 3,"api": "csp_XBiubiu"       ,"searchable": 1,"quickSearch": 1,"filterable": 0,"ext": "clan://TVBox/MaooXB/数字直链.json"},
{"key": "teyond__xp__数字影视","name": "数字影视〔X〕","type": 3,"api": "csp_XPathRec"      ,"searchable": 1,"quickSearch": 1,"filterable": 1,"ext": "clan://TVBox/MaooXB/数字影视.json"},
{"key": "teyond__xp__在线之家","name": "在线之家〔X〕","type": 3,"api": "csp_XBiubiu"       ,"searchable": 1,"quickSearch": 1,"filterable": 0,"ext": "clan://TVBox/MaooXB/在线之家.json"},
{"key": "teyond__xp__焦炭影视","name": "焦炭影视〔X〕","type": 3,"api": "csp_XBiubiu"       ,"searchable": 1,"quickSearch": 1,"filterable": 0,"ext": "clan://TVBox/MaooXB/焦炭影视.json"},
{"key": "teyond__xp__利奥直链","name": "利奥直链〔X〕","type": 3,"api": "csp_XBiubiu"       ,"searchable": 1,"quickSearch": 1,"filterable": 0,"ext": "clan://TVBox/MaooXB/利奥直链.json"},
{"key": "teyond__xp__利奥影视","name": "利奥影视〔X〕","type": 3,"api": "csp_XPathFilter"   ,"searchable": 1,"quickSearch": 1,"filterable": 1,"ext": "clan://TVBox/MaooXB/利奥影视.json"},
{"key": "teyond__xp__蓝莓影视","name": "蓝莓影视〔X〕","type": 3,"api": "csp_XBiubiu"       ,"searchable": 1,"quickSearch": 1,"filterable": 0,"ext": "clan://TVBox/MaooXB/蓝莓影视.json"},
{"key": "teyond__xp__厂长资源","name": "厂长资源〔X〕","type": 3,"api": "csp_XBiubiu"       ,"searchable": 1,"quickSearch": 1,"filterable": 0,"ext": "clan://TVBox/MaooXB/厂长资源.json"},
{"key": "teyond__xp__特狗影视","name": "特狗影视〔X〕","type": 3,"api": "csp_XBiubiu"       ,"searchable": 1,"quickSearch": 1,"filterable": 0,"ext": "clan://TVBox/MaooXB/特狗影视.json"},
{"key": "teyond__xp__喜鹊视频","name": "喜鹊视频〔X〕","type": 3,"api": "csp_XBiubiu"       ,"searchable": 1,"quickSearch": 1,"filterable": 0,"ext": "clan://TVBox/MaooXB/喜鹊视频.json"},
{"key": "teyond__xp__爱港剧源","name": "爱港剧源〔X〕","type": 3,"api": "csp_XBiubiu"       ,"searchable": 1,"quickSearch": 1,"filterable": 0,"ext": "clan://TVBox/MaooXB/爱港剧源.json"},
{"key": "teyond__xp__TVB云播" ,"name": "TVB云播〔X〕 ","type": 3,"api": "csp_XBiubiu"       ,"searchable": 1,"quickSearch": 1,"filterable": 0,"ext": "clan://TVBox/MaooXB/TVB云播.json"},
{"key": "teyond__xp__霸气影院","name": "霸气影院〔X〕","type": 3,"api": "csp_XBiubiu"       ,"searchable": 1,"quickSearch": 1,"filterable": 0,"ext": "clan://TVBox/MaooXB/霸气影院.json"},
{"key": "teyond__xp__红领巾源","name": "红领巾源〔X〕","type": 3,"api": "csp_XBiubiu"       ,"searchable": 1,"quickSearch": 1,"filterable": 0,"ext": "clan://TVBox/MaooXB/红领巾源.json"},
{"key": "teyond__xp__蓝光影院","name": "蓝光影院〔X〕","type": 3,"api": "csp_XBiubiu"       ,"searchable": 1,"quickSearch": 1,"filterable": 1,"ext": "clan://TVBox/MaooXB/蓝光影院.json"},
{"key": "teyond__xp__爱看影视","name": "爱看影视〔X〕","type": 3,"api": "csp_XBiubiu"       ,"searchable": 1,"quickSearch": 1,"filterable": 0,"ext": "clan://TVBox/MaooXB/爱看影视.json"},
{"key": "teyond__xp__干饭影视","name": "干饭影视〔X〕","type": 3,"api": "csp_XBiubiu"       ,"searchable": 1,"quickSearch": 1,"filterable": 0,"ext": "clan://TVBox/MaooXB/干饭影视.json"},
{"key": "teyond__xp__虚拟影院","name": "虚拟影院〔X〕","type": 3,"api": "csp_XBiubiu"       ,"searchable": 1,"quickSearch": 1,"filterable": 0,"ext": "clan://TVBox/MaooXB/虚拟影院.json"},
{"key": "teyond__xp__去看动漫","name": "去看动漫〔X〕","type": 3,"api": "csp_XBiubiu"       ,"searchable": 1,"quickSearch": 1,"filterable": 0,"ext": "clan://TVBox/MaooXB/去看动漫.json"},
{"key": "teyond__xp__次元动漫","name": "次元动漫〔X〕","type": 3,"api": "csp_XBiubiu"       ,"searchable": 1,"quickSearch": 1,"filterable": 0,"ext": "clan://TVBox/MaooXB/次元动漫.json"},
{"key": "teyond__xp__风车动漫","name": "风车动漫〔X〕","type": 3,"api": "csp_XBiubiu"       ,"searchable": 1,"quickSearch": 1,"filterable": 0,"ext": "clan://TVBox/MaooXB/风车动漫.json"},
{"key": "teyond__xp__不卡影院","name": "不卡影院〔X〕","type": 3,"api": "csp_XBiubiu"       ,"searchable": 0,"quickSearch": 0,"filterable": 0,"ext": "clan://TVBox/MaooXB/不卡影院.json"},
{"key": "teyond__xp__双十电影","name": "双十电影〔X〕","type": 3,"api": "csp_XBiubiu"       ,"searchable": 1,"quickSearch": 1,"filterable": 0,"ext": "clan://TVBox/MaooXB/双十电影.json"},
{"key": "teyond__xp__骚火电影","name": "骚火电影〔X〕","type": 3,"api": "csp_XBiubiu"       ,"searchable": 1,"quickSearch": 1,"filterable": 0,"ext": "clan://TVBox/MaooXB/骚火电影.json"},
{"key": "teyond__xp__九亿资源","name": "九亿资源〔X〕","type": 3,"api": "csp_XBiubiu"       ,"searchable": 1,"quickSearch": 1,"filterable": 0,"ext": "clan://TVBox/MaooXB/九亿资源.json"},
{"key": "teyond__xp__火火影视","name": "火火影视〔X〕","type": 3,"api": "csp_XBiubiu"       ,"searchable": 1,"quickSearch": 1,"filterable": 0,"ext": "clan://TVBox/MaooXB/火火影视.json"},
{"key": "teyond__xp__天空资源","name": "天空资源〔X〕","type": 3,"api": "csp_XBiubiu"       ,"searchable": 1,"quickSearch": 1,"filterable": 0,"ext": "clan://TVBox/MaooXB/天空资源.json"},
{"key": "teyond__xp__完美看看","name": "完美看看〔X〕","type": 3,"api": "csp_XBiubiu"       ,"searchable": 1,"quickSearch": 1,"filterable": 0,"ext": "clan://TVBox/MaooXB/完美看看.json"},
{"key": "teyond__xp__口袋影院","name": "口袋影院〔X〕","type": 3,"api": "csp_XBiubiu"       ,"searchable": 1,"quickSearch": 1,"filterable": 0,"ext": "clan://TVBox/MaooXB/口袋影院.json"},
{"key": "teyond__xp__六度影视","name": "六度影视〔X〕","type": 3,"api": "csp_XBiubiu"       ,"searchable": 1,"quickSearch": 1,"filterable": 0,"ext": "clan://TVBox/MaooXB/六度影视.json"},
{"key": "teyond__xp__思乐影视","name": "思乐影视〔X〕","type": 3,"api": "csp_XBiubiu"       ,"searchable": 1,"quickSearch": 1,"filterable": 0,"ext": "clan://TVBox/MaooXB/思乐影视.json"},
{"key": "teyond__xp__克拉影视","name": "克拉影视〔X〕","type": 3,"api": "csp_XBiubiu"       ,"searchable": 1,"quickSearch": 1,"filterable": 0,"ext": "clan://TVBox/MaooXB/克拉影视.json"},
{"key": "teyond__xp__七年影视","name": "七年影视〔X〕","type": 3,"api": "csp_XBiubiu"       ,"searchable": 1,"quickSearch": 1,"filterable": 0,"ext": "clan://TVBox/MaooXB/七年影视.json"},
{"key": "teyond__xp__大象影视","name": "大象影视〔X〕","type": 3,"api": "csp_XBiubiu"       ,"searchable": 1,"quickSearch": 1,"filterable": 0,"ext": "clan://TVBox/MaooXB/大象影视.json"},
{"key": "teyond__xp__奇优影院","name": "奇优影院〔X〕","type": 3,"api": "csp_XBiubiu"       ,"searchable": 0,"quickSearch": 0,"filterable": 0,"ext": "clan://TVBox/MaooXB/奇优影院.json"},
{"key": "teyond__xp__牛马影视","name": "牛马影视〔X〕","type": 3,"api": "csp_XBiubiu"       ,"searchable": 1,"quickSearch": 1,"filterable": 0,"ext": "clan://TVBox/MaooXB/牛马影视.json"},
{"key": "teyond__xp__Omo动漫" ,"name": "Omo动漫〔X〕 ","type": 3,"api": "csp_XBiubiu"       ,"searchable": 1,"quickSearch": 1,"filterable": 0,"ext": "clan://TVBox/MaooXB/Omo动漫.json"},
{"key": "teyond__xp__老电影源","name": "老电影源〔X〕","type": 3,"api": "csp_XBiubiu"       ,"searchable": 1,"quickSearch": 1,"filterable": 0,"ext": "clan://TVBox/MaooXB/老电影源.json"},
{"key": "teyond__xp__电影馆源","name": "电影馆源〔X〕","type": 3,"api": "csp_XBiubiu"       ,"searchable": 1,"quickSearch": 1,"filterable": 0,"ext": "clan://TVBox/MaooXB/电影馆源.json"},
{"key": "teyond__xp__豆角影视","name": "豆角影视〔X〕","type": 3,"api": "csp_XBiubiu"       ,"searchable": 1,"quickSearch": 1,"filterable": 0,"ext": "clan://TVBox/MaooXB/豆角影视.json"},
{"key": "teyond__xp__稀饭影视","name": "稀饭影视〔X〕","type": 3,"api": "csp_XBiubiu"       ,"searchable": 1,"quickSearch": 1,"filterable": 0,"ext": "clan://TVBox/MaooXB/稀饭影视.json"},
{"key": "teyond__xp__四看电影","name": "四看电影〔X〕","type": 3,"api": "csp_XBiubiu"       ,"searchable": 1,"quickSearch": 1,"filterable": 0,"ext": "clan://TVBox/MaooXB/四看电影.json"},
{"key": "teyond__xp__耐看点播","name": "耐看点播〔X〕","type": 3,"api": "csp_XBiubiu"       ,"searchable": 1,"quickSearch": 1,"filterable": 0,"ext": "clan://TVBox/MaooXB/耐看点播.json"},
{"key": "teyond__xp__人人影视","name": "人人影视〔X〕","type": 3,"api": "csp_XBiubiu"       ,"searchable": 1,"quickSearch": 1,"filterable": 0,"ext": "clan://TVBox/MaooXB/人人影视.json"},
{"key": "teyond__xp__乌龟影院","name": "乌龟影院〔X〕","type": 3,"api": "csp_XBiubiu"       ,"searchable": 1,"quickSearch": 1,"filterable": 0,"ext": "clan://TVBox/MaooXB/乌龟影院.json"},
{"key": "teyond__xp__西瓜影院","name": "西瓜影院〔X〕","type": 3,"api": "csp_XBiubiu"       ,"searchable": 1,"quickSearch": 1,"filterable": 0,"ext": "clan://TVBox/MaooXB/西瓜影院.json"},
{"key": "teyond__xp__超清影视","name": "超清影视〔X〕","type": 3,"api": "csp_XBiubiu"       ,"searchable": 1,"quickSearch": 1,"filterable": 0,"ext": "clan://TVBox/MaooXB/超清影视.json"},
{"key": "teyond__xp__小熊影视","name": "小熊影视〔X〕","type": 3,"api": "csp_XBiubiu"       ,"searchable": 1,"quickSearch": 1,"filterable": 0,"ext": "clan://TVBox/MaooXB/小熊影视.json"},
{"key": "teyond__xp__小强影迷","name": "小强影迷〔X〕","type": 3,"api": "csp_XBiubiu"       ,"searchable": 1,"quickSearch": 1,"filterable": 0,"ext": "clan://TVBox/MaooXB/小强影迷.json"},
{"key": "teyond__xp__耍帅电影","name": "耍帅电影〔X〕","type": 3,"api": "csp_XBiubiu"       ,"searchable": 1,"quickSearch": 1,"filterable": 0,"ext": "clan://TVBox/MaooXB/耍帅电影.json"},
{"key": "teyond__xp__会员电影","name": "会员电影〔X〕","type": 3,"api": "csp_XBiubiu"       ,"searchable": 1,"quickSearch": 1,"filterable": 0,"ext": "clan://TVBox/MaooXB/会员电影.json"},
{"key": "teyond__xp__看看影视","name": "看看影视〔X〕","type": 3,"api": "csp_XBiubiu"       ,"searchable": 1,"quickSearch": 1,"filterable": 0,"ext": "clan://TVBox/MaooXB/看看影视.json"},
{"key": "teyond__xp__剧白直链","name": "剧白直链〔X〕","type": 3,"api": "csp_XBiubiu"       ,"searchable": 1,"quickSearch": 1,"filterable": 0,"ext": "clan://TVBox/MaooXB/剧白直链.json"},
{"key": "teyond__xp__剧白影视","name": "剧白影视〔X〕","type": 3,"api": "csp_XPathMacFilter","searchable": 1,"quickSearch": 1,"filterable": 1,"ext": "clan://TVBox/MaooXB/剧白影视.json"},
{"key": "teyond__xp__达龟直链","name": "达龟直链〔X〕","type": 3,"api": "csp_XBiubiu"       ,"searchable": 1,"quickSearch": 1,"filterable": 0,"ext": "clan://TVBox/MaooXB/达龟直链.json"},
{"key": "teyond__xp__达龟影视","name": "达龟影视〔X〕","type": 3,"api": "csp_XPathFilter"   ,"searchable": 1,"quickSearch": 1,"filterable": 1,"ext": "clan://TVBox/MaooXB/达龟影视.json"},
{"key": "teyond__xp__北川影视","name": "北川影视〔X〕","type": 3,"api": "csp_XBiubiu"       ,"searchable": 1,"quickSearch": 1,"filterable": 0,"ext": "clan://TVBox/MaooXB/北川影视.json"},
{"key": "teyond__xp__花猫影视","name": "花猫影视〔X〕","type": 3,"api": "csp_XBiubiu"       ,"searchable": 1,"quickSearch": 1,"filterable": 0,"ext": "clan://TVBox/MaooXB/花猫影视.json"},
{"key": "teyond__xp__剧迷影视","name": "剧迷影视〔X〕","type": 3,"api": "csp_XBiubiu"       ,"searchable": 1,"quickSearch": 1,"filterable": 0,"ext": "clan://TVBox/MaooXB/剧迷影视.json"},
{"key": "teyond__xp__剧迷线上","name": "剧迷线上〔X〕","type": 3,"api": "csp_XBiubiu"       ,"searchable": 1,"quickSearch": 1,"filterable": 0,"ext": "clan://TVBox/MaooXB/剧迷线上.json"},
{"key": "teyond__xp__中心影院","name": "中心影院〔X〕","type": 3,"api": "csp_XBiubiu"       ,"searchable": 1,"quickSearch": 1,"filterable": 0,"ext": "clan://TVBox/MaooXB/中心影院.json"},
{"key": "teyond__xp__周末电影","name": "周末电影〔X〕","type": 3,"api": "csp_XBiubiu"       ,"searchable": 1,"quickSearch": 1,"filterable": 0,"ext": "clan://TVBox/MaooXB/周末电影.json"},
{"key": "teyond__xp__瓜皮影视","name": "瓜皮影视〔X〕","type": 3,"api": "csp_XBiubiu"       ,"searchable": 1,"quickSearch": 1,"filterable": 0,"ext": "clan://TVBox/MaooXB/瓜皮影视.json"},
{"key": "teyond__xp__真卡影院","name": "真卡影院〔X〕","type": 3,"api": "csp_XBiubiu"       ,"searchable": 1,"quickSearch": 1,"filterable": 0,"ext": "clan://TVBox/MaooXB/真卡影院.json"},
{"key": "teyond__xp__影视之光","name": "影视之光〔X〕","type": 3,"api": "csp_XBiubiu"       ,"searchable": 1,"quickSearch": 1,"filterable": 0,"ext": "clan://TVBox/MaooXB/影视之光.json"},

//综合线路

{"key": "teyond__gf__米来影视","name": "米来影视〔Z〕","type": 3,"api": "csp_AppYsV2"       ,"searchable": 1,"quickSearch": 1,"filterable": 1,"ext": "http://42.51.37.161:2346/api.php/iptv/vod/"},
{"key": "teyond__gf__极酷影视","name": "极酷影视〔Z〕","type": 3,"api": "csp_AppYsV2"       ,"searchable": 1,"quickSearch": 1,"filterable": 1,"ext": "https://jiku.vip/mogai_api.php/v1.vod"},
{"key": "teyond__gf__成成影视","name": "成成影视〔Z〕","type": 3,"api": "csp_AppYsV2"       ,"searchable": 0,"quickSearch": 0,"filterable": 1,"ext": "http://8.142.23.147:555/api.php/Chengcheng/vod/"},
{"key": "teyond__zh__奈非影视","name": "奈非影视〔Z〕","type": 3,"api": "csp_AppYsV2"       ,"searchable": 1,"quickSearch": 0,"filterable": 1,"ext": "https://app.netflixmi.com/api.php/v1.vod"},
{"key": "teyond__zh__爱酷影视","name": "爱酷影视〔Z〕","type": 3,"api": "csp_AppYsV2"       ,"searchable": 1,"quickSearch": 0,"filterable": 1,"ext": "https://www.zhanlangbu.com/ruifenglb_api.php/v1.vod"},
{"key": "teyond__zh__益达影视","name": "益达影视〔Z〕","type": 3,"api": "csp_AppYsV2"       ,"searchable": 1,"quickSearch": 0,"filterable": 1,"ext": "http://luobu.yss6080.com/mogai_api.php/v1.vod"},
{"key": "teyond__zh__暖光影视","name": "暖光影视〔Z〕","type": 3,"api": "csp_AppYsV2"       ,"searchable": 1,"quickSearch": 0,"filterable": 1,"ext": "https://app.bl210.com/api.php/v1.vod"},
{"key": "teyond__zh__独播影视","name": "独播影视〔Z〕","type": 3,"api": "csp_AppYsV2"       ,"searchable": 1,"quickSearch": 0,"filterable": 1,"ext": "http://35ys.cc/api.php/v1.vod"},
{"key": "teyond__zh__聚多影视","name": "聚多影视〔Z〕","type": 3,"api": "csp_AppYsV2"       ,"searchable": 1,"quickSearch": 1,"filterable": 1,"ext": "http://jdys.weetai.cn/api.php/iptv/vod/"},
{"key": "teyond__zh__刺猬影视","name": "刺猬影视〔Z〕","type": 3,"api": "csp_AppYsV2"       ,"searchable": 1,"quickSearch": 1,"filterable": 1,"ext": "http://www.cccvvv.top/api.php/iptv/vod/"},
{"key": "teyond__zh__天天视频","name": "天天视频〔Z〕","type": 3,"api": "csp_AppYs"         ,"searchable": 1,"quickSearch": 1,"filterable": 1,"ext": "http://app.qianju.cc/api.php/v1.vod"},
{"key": "teyond__zh__熊猫动漫","name": "熊猫动漫〔Z〕","type": 3,"api": "csp_AppYsV2"       ,"searchable": 1,"quickSearch": 1,"filterable": 1,"ext": "http://dongman.k8aa.com/mogai_api.php/v1.vod"},
{"key": "teyond__zh__乐云影视","name": "乐云影视〔Z〕","type": 3,"api": "csp_AppYsV2"       ,"searchable": 1,"quickSearch": 1,"filterable": 1,"ext": "https://www.leyun.tv/api.php/v1.vod"}],

//解析接口

"parses": [
{"name": "解析聚合","type": 3,"url": "Demo"},
{"name": "Json并发","type": 2,"url": "Parallel"},
{"name": "Json轮询","type": 2,"url": "Sequence"},
{"name": "293","type": 1,"url": "http://81.71.48.249:4456/jsonc/longxia.php?url=","ext": {"flag": ["qq","qiyi","mgtv","youku","letv","sohu","xigua","1905"],"header": {"User-Agent": "Dart/2.14 (dart:io)"}}},
{"name": "解析","type": 1,"url": "https://jx.xmflv.com/?url="},
{"name": "解析","type": 1,"url": "https://jx.renrenmi.cc/?url="},
{"name": "解析","type": 1,"url": "https://vip.parwix.com:4433/player/?url="},
{"name": "解析","type": 1,"url": "http://jx.ledu8.cn/api/?key=P8QSgO61p1MpHV2ALn&url="},
{"name": "解析","type": 1,"url": "https://api.m3u8.tv:5678/home/api?type=ys&uid=1931000&key=gktuvyzABEORSYZ135&url="},
{"name": "解析","type": 1,"url": "https://api.m3u8.tv:5678/home/api?type=ys&uid=1494542&key=ijmqvwxABEHILMOT48&url="},
{"name": "解析","type": 1,"url": "https://api.m3u8.tv:5678/home/api?type=ys&uid=1095368&key=cdgjpsuDFLNRTUVY03&url="},
{"name": "解析","type": 0,"url": "https://vip.bljiex.com/?v=","ext":{"flag":["ltnb"]}},
{"name": "解析","type": 0,"url": "https://ys.ling00.cn/CL4K/?url=","ext":{"flag":["CL4K","qq","腾讯"]}},
{"name": "解析","type": 1,"url": "https://api.ldjx.cc/wp-api/getvodurl.php?token=1001&vid=","ext":{"flag":["leduo"]}},
{"name": "解析","type": 1,"url": "https://a.dxzj88.com/jxrrm/jiami.php?url=","ext":{"flag":["renrenmi"]}},
{"name": "解析","type": 1,"url": "https://sz.dxzj88.com/jxrjrm/jiaomi.php?url=","ext":{"flag":["renrenmi"]}},
{"name": "解析","type": 1,"url": "https://app.iminna.com/jx/?url=","ext":{"flag":["youku","优酷","mgtv","芒果","qq","腾讯","qiyi","爱奇艺","qq","奇艺"]}},
{"name": "解析","type": 1,"url": "https://vvip.funsline.cn/api/?key=3xWfEoDf4V9p9Y20CR&url=","ext":{"flag":["ziqie","youku","优酷","qiyi","爱奇艺","奇艺","mgtv","芒果","qq","腾讯"]}},
{"name": "解析","type": 1,"url": "https://api.m3u8.tv:5678/home/api?type=ys&uid=1931000&key=gktuvyzABEORSYZ135&url=","ext":{"flag":["youku","优酷","qq","腾讯","mgtv","芒果"]}},
{"name": "解析","type": 1,"url": "http://103.40.240.46/jh/?url=","ext":{"flag":["renrenmi","qq","腾讯","youku","优酷","mgtv","芒果","xigua","西瓜"]}},
{"name": "解析","type": 1,"url": "https://za.kuanjv.com/?url=","ext":{"flag":["qq","腾讯","qiyi","爱奇艺","奇艺","youku","优酷","mgtv","芒果","搜狐","sohu","letv","乐视","bilibili","哔哩哔哩","哔哩","xigua","西瓜"]}},
{"name": "解析","type": 1,"url": "https://json.hfyrw.com/mao.go?url=","ext":{"flag":["ltnb","renrenmi"]}},
{"name": "解析","type": 1,"url": "https://vip.aiaine.com/api/?key=8FN8gNAySnvJiMllxZ&url=","ext":{"flag":["ltnb","renrenmi","xfyun","miaoparty","miaoparty2","miaoparty3","longteng","xueren"]}},
{"name": "解析","type": 1,"url": "https://json.5lp.net/json.php?url=","ext":{"flag":["ltnb","renrenmi","rx","rongxing"]}},
{"name": "解析","type": 1,"url": "https://api.m3u8.tv:5678/home/api?type=ys&uid=9105801&key=huwxFGILMOQSTUZ679&url=","ext":{"flag":["qq","腾讯","qiyi","爱奇艺","奇艺","youku","优酷","mgtv","芒果"]}},
{"name": "解析","type": 1,"url": "https://svip.spchat.top/api/?type=ys&key=bKemW41JnxmQb4l67h&url=","ext":{"flag":["rx"]}},
{"name": "解析","type": 1,"url": "https://vip.aiaine.com/api/?key=fOWaGgFU45zlIjvbHI&url=","ext":{"flag":["ltnb","renrenmi"]}},
{"name": "解析","type": 0,"url": "https://jx.parwix.com:4433/player/?url=","ext":{"flag":["qq","腾讯","qiyi","爱奇艺","奇艺","youku","优酷","mgtv","芒果","letv","乐视","pptv","PPTV","sohu","bilibili","哔哩哔哩","哔哩"]}},
{"name": "解析","type": 0,"url": "https://jx.parwix.com:4433/player/analysis.php?v=","ext":{"flag":["qq","腾讯","qiyi","爱奇艺","奇艺","youku","优酷","mgtv","芒果","letv","乐视","pptv","PPTV","sohu","bilibili","哔哩哔哩","哔哩"]}}],


"ijk": [{"group": "软解码","options": [{"category": 4,"name": "opensles","value": "0"},{"category": 4,"name": "overlay-format","value": "842225234"},{"category": 4,"name": "framedrop","value": "1"},
{"category": 4,"name": "soundtouch","value": "1"},{"category": 4,"name": "start-on-prepared","value": "1"},{"category": 1,"name": "http-detect-range-support","value": "0"},
{"category": 1,"name": "fflags","value": "fastseek"},{"category": 2,"name": "skip_loop_filter","value": "48"},{"category": 4,"name": "reconnect","value": "1"},
{"category": 4,"name": "enable-accurate-seek","value": "0"},{"category": 4,"name": "mediacodec","value": "0"},{"category": 4,"name": "mediacodec-auto-rotate","value": "0"},
{"category": 4,"name": "mediacodec-handle-resolution-change","value": "0"},{"category": 4,"name": "mediacodec-hevc","value": "0"},{"category": 1,"name": "dns_cache_timeout","value": "600000000"}]},
{"group": "硬解码","options": [{"category": 4,"name": "opensles","value": "0"},{"category": 4,"name": "overlay-format","value": "842225234"},{"category": 4,"name": "framedrop","value": "1"},
{"category": 4,"name": "soundtouch","value": "1"},{"category": 4,"name": "start-on-prepared","value": "1"},{"category": 1,"name": "http-detect-range-support","value": "0"},
{"category": 1,"name": "fflags","value": "fastseek"},{"category": 2,"name": "skip_loop_filter","value": "48"},{"category": 4,"name": "reconnect","value": "1"},
{"category": 4,"name": "enable-accurate-seek","value": "0"},{"category": 4,"name": "mediacodec","value": "1"},{"category": 4,"name": "mediacodec-auto-rotate","value": "1"},
{"category": 4,"name": "mediacodec-handle-resolution-change","value": "1"},{"category": 4,"name": "mediacodec-hevc","value": "1"},{"category": 1,"name": "dns_cache_timeout","value": "600000000"}]}],
"lives": [{"group": "redirect","channels": [{"name": "redirect","urls": ["proxy://do=live&type=txt&ext=Y2xhbjovL1RWQm94L3R2L2xpdmUudHh0"]}]}],
"flags": ["youku","qq","iqiyi","qiyi","letv","sohu","tudou","pptv","mgtv","wasu","bilibili","duoduozy","renrenmi"],"spider": "clan://TVBox/jar/teyond.jar",
"ads": ["mimg.0c1q0l.cn","www.googletagmanager.com","www.google-analytics.com","mc.usihnbcq.cn","mg.g1mm3d.cn","mscs.svaeuzh.cn","cnzz.hhttm.top","tp.vinuxhome.com",
"cnzz.mmstat.com","www.baihuillq.com","s23.cnzz.com","z3.cnzz.com","c.cnzz.com","stj.v1vo.top","z12.cnzz.com","img.mosflower.cn","tips.gamevvip.com","ehwe.yhdtns.com",
"xdn.cqqc3.com","www.jixunkyy.cn","sp.chemacid.cn","hm.baidu.com","s9.cnzz.com","z6.cnzz.com","um.cavuc.com","mav.mavuz.com","wofwk.aoidf3.com","z5.cnzz.com",
"xc.hubeijieshikj.cn","tj.tianwenhu.com","xg.gars57.cn","k.jinxiuzhilv.com","cdn.bootcss.com","ppl.xunzhuo123.com","xomk.jiangjunmh.top","img.xunzhuo123.com","z1.cnzz.com",
"s13.cnzz.com","xg.huataisangao.cn","z7.cnzz.com","xg.huataisangao.cn","z2.cnzz.com","s96.cnzz.com","q11.cnzz.com","thy.dacedsfa.cn","xg.whsbpw.cn","s19.cnzz.com",
"z8.cnzz.com","s4.cnzz.com","f5w.as12df.top","ae01.alicdn.com","www.92424.cn","k.wudejia.com","vivovip.mmszxc.top","qiu.xixiqiu.com","cdnjs.hnfenxun.com","cms.qdwght.com"]}   