﻿{
  "wallpaper": "https://picsum.photos/1280/720/?blur=10",
  "spider": "clan://TVBox/jar/custom_spider.jar",
  "lives": [
    {
      "group": "redirect",
      "channels": [
        {
          "name": "live",
          "urls": [    
            "proxy://do=live&type=txt&ext=Y2xhbjovL1RWQm94L3R2L2xpdmUudHh0"
          ]
        }
      ]
    }
  ],
  "sites": [
    
    {
      "key": "csp_Kuaikan",
      "name": "🎈快看(SP)",
      "type": 3,
      "api": "csp_Kuaikan",
      "searchable": 1,
      "quickSearch": 1,
      "filterable": 1
    },
    {
      "key": "csp_xpath_huya",
      "name": "🐯虎牙(XPF)",
      "type": 3,
      "api": "csp_XPathMacFilter",
      "searchable": 1,
      "quickSearch": 1,
      "filterable": 1,
      "ext": "clan://TVBox/MaooXP/huya2.json"
    },
    {
      "key": "csp_xpath_kuqimv",
      "name": "🎤酷奇MV(XP)",
      "type": 3,
      "api": "csp_XPath",
      "searchable": 0,
      "quickSearch": 0,
      "filterable": 0,
      "ext": "clan://TVBox/MaooXP/kuqimv.json"
    },
    {
      "key": "csp_biubiu_厂长资源-蓝光",
      "name": "🥒厂长资源-蓝光(XB)",
      "type": 3,
      "api": "csp_XBiubiu",
      "searchable": 1,
      "quickSearch": 1,
      "filterable": 0,
      "ext": "clan://TVBox/MaooXB/厂长资源-蓝光.json"
    },
    {
      "key": "csp_biubiu_特狗影视",
      "name": "🥒特狗影视(XB)",
      "type": 3,
      "api": "csp_XBiubiu",
      "searchable": 1,
      "quickSearch": 1,
      "filterable": 0,
      "ext": "clan://TVBox/MaooXB/特狗影视.json"
    },
    {
      "key": "csp_biubiu_喜鹊视频",
      "name": "🥒喜鹊视频(XB)",
      "type": 3,
      "api": "csp_XBiubiu",
      "searchable": 1,
      "quickSearch": 1,
      "filterable": 0,
      "ext": "clan://TVBox/MaooXB/喜鹊视频.json"
    },
    {
      "key": "csp_biubiu_瓜皮TV",
      "name": "🥒瓜皮TV(XB)",
      "type": 3,
      "api": "csp_XBiubiu",
      "searchable": 1,
      "quickSearch": 1,
      "filterable": 0,
      "ext": "clan://TVBox/MaooXB/瓜皮TV.json"
    },
    {
      "key": "csp_biubiu_真的卡影院",
      "name": "🥒真的卡影院(XB)",
      "type": 3,
      "api": "csp_XBiubiu",
      "searchable": 1,
      "quickSearch": 1,
      "filterable": 0,
      "ext": "clan://TVBox/MaooXB/真的卡影院.json"
    },
    {
      "key": "csp_biubiu_荣耀Glory",
      "name": "🥒荣耀Glory(XB)",
      "type": 3,
      "api": "csp_XBiubiu",
      "searchable": 1,
      "quickSearch": 1,
      "filterable": 0,
      "ext": "clan://TVBox/MaooXB/荣耀Glory.json"
    },
    {
      "key": "csp_biubiu_87影院",
      "name": "🥒87影院(XB)",
      "type": 3,
      "api": "csp_XBiubiu",
      "searchable": 1,
      "quickSearch": 1,
      "filterable": 0,
      "ext": "clan://TVBox/MaooXB/87影院.json"
    },
    {
      "key": "csp_biubiu_蓝光影院",
      "name": "🥒蓝光影院(XB)",
      "type": 3,
      "api": "csp_XBiubiu",
      "searchable": 1,
      "quickSearch": 1,
      "filterable": 1,
      "ext": "clan://TVBox/MaooXB/蓝光影院.json"
    },
    {
      "key": "csp_xpath_ctv",
      "name": "冲TMTV(XPF)",
      "type": 3,
      "api": "csp_XPathMacFilter",
      "searchable": 1,
      "quickSearch": 1,
      "filterable": 1,
      "ext": "clan://TVBox/MaooXP/chongtmtv.json"
    },
    {
      "key": "csp_xpath_汉城影院",
      "name": "汉城影院(XPF)",
      "type": 3,
      "api": "csp_XPathMacFilter",
      "searchable": 1,
      "quickSearch": 1,
      "filterable": 1,
      "ext": "clan://TVBox/MaooXP/hancheng.json"
    },
    {
      "key": "csp_xpath_libv",
      "name": "Libvio(XPF)",
      "type": 3,
      "api": "csp_XPathMacFilter",
      "searchable": 1,
      "quickSearch": 1,
      "filterable": 1,
      "ext": "clan://TVBox/MaooXP/libv.json"
    },
    {
      "key": "csp_xpath_cokemv",
      "name": "Cokemv(XPF)",
      "type": 3,
      "api": "csp_XPathFilter",
      "searchable": 1,
      "quickSearch": 1,
      "filterable": 1,
      "ext": "clan://TVBox/MaooXP/cokemv.json"
    },
    {
      "key": "csp_xpath_ddg",
      "name": "达达龟(XPF)",
      "type": 3,
      "api": "csp_XPathMacFilter",
      "searchable": 1,
      "quickSearch": 1,
      "filterable": 1,
      "ext": "clan://TVBox/MaooXP/dadagui.json"
    },
    {
      "key": "csp_xpath_jbb",
      "name": "剧白白(XPF)",
      "type": 3,
      "api": "csp_XPathMacFilter",
      "searchable": 1,
      "quickSearch": 1,
      "filterable": 1,
      "ext": "clan://TVBox/MaooXP/jubaibai.json"
    },
    {
      "key": "csp_xpath_Jumi",
      "name": "剧迷TV(XPF)",
      "type": 3,
      "api": "csp_XPathMacFilter",
      "searchable": 1,
      "quickSearch": 1,
      "filterable": 1,
      "ext": "clan://TVBox/MaooXP/Jumi.json"
    },
    {
      "key": "csp_xpath_唐人街",
      "name": "唐人街(XPF)",
      "type": 3,
      "api": "csp_XPathMacFilter",
      "searchable": 1,
      "quickSearch": 1,
      "filterable": 1,
      "ext": "clan://TVBox/MaooXP/Renjie.json"
    },
    {
      "key": "csp_xpath_lranc",
      "name": "天天影视(XPF)",
      "type": 3,
      "api": "csp_XPathMacFilter",
      "searchable": 1,
      "quickSearch": 1,
      "filterable": 1,
      "ext": "clan://TVBox/MaooXP/lranc.json"
    },
    {
      "key": "csp_xpath_yanetflix",
      "name": "鸭奈飞(XPF)",
      "type": 3,
      "api": "csp_XPathFilter",
      "searchable": 1,
      "quickSearch": 1,
      "filterable": 1,
      "ext": "clan://TVBox/MaooXP/yanet.json"
    },
    {
      "key": "csp_xpath_Ole",
      "name": "欧乐(XPF)(播放器要改成Exo)",
      "type": 3,
      "api": "csp_XPathMacFilter",
      "searchable": 1,
      "quickSearch": 1,
      "filterable": 1,
      "ext": "clan://TVBox/MaooXP/olevod.json"
    },
    {
      "key": "csp_xpath_xxys520",
      "name": "小熊影视(XPF)",
      "type": 3,
      "api": "csp_XPathFilter",
      "searchable": 1,
      "quickSearch": 1,
      "filterable": 1,
      "ext": "clan://TVBox/MaooXP/xxys520.json"
    },
    {
      "key": "csp_xpath_348z",
      "name": "348电影(XPF)",
      "type": 3,
      "api": "csp_XPathFilter",
      "searchable": 1,
      "quickSearch": 1,
      "filterable": 1,
      "ext": "clan://TVBox/MaooXP/348z.json"
    },
    {
      "key": "csp_appysv2_星宿漫",
      "name": "星宿漫(萝卜)",
      "type": 3,
      "api": "csp_AppYsV2",
      "searchable": 1,
      "quickSearch": 1,
      "filterable": 1,
      "ext": "http://3.xingxiuman.com/mogai_api.php/v1.vod"
    },
    {
      "key": "csp_appysv2_小鸟动漫",
      "name": "小鸟动漫(萝卜)",
      "type": 3,
      "api": "csp_AppYsV2",
      "searchable": 1,
      "quickSearch": 1,
      "filterable": 1,
      "ext": "http://xydm.baicai.buzz/mogai_api.php/v1.vod"
    },
    {
      "key": "csp_appysv2_熊猫视频",
      "name": "熊猫视频(萝卜)",
      "type": 3,
      "api": "csp_AppYsV2",
      "searchable": 1,
      "quickSearch": 1,
      "filterable": 1,
      "ext": "http://anegh.com/lvdou_api.php/v1.vod"
    },
    {
      "key": "csp_appysv2_熊猫动漫",
      "name": "熊猫动漫(萝卜)",
      "type": 3,
      "api": "csp_AppYsV2",
      "searchable": 1,
      "quickSearch": 1,
      "filterable": 1,
      "ext": "http://dongman.k8aa.com/mogai_api.php/v1.vod"
    },
    {
      "key": "csp_appysv2_寻常影视",
      "name": "寻常影视(萝卜)",
      "type": 3,
      "api": "csp_AppYsV2",
      "searchable": 1,
      "quickSearch": 1,
      "filterable": 1,
      "ext": "http://tv.91ymz.cn/mogai_api.php/v1.vod"
    },
    {
      "key": "csp_appysv2_小白动漫",
      "name": "小白动漫(萝卜)",
      "type": 3,
      "api": "csp_AppYsV2",
      "searchable": 1,
      "quickSearch": 1,
      "filterable": 1,
      "ext": "http://121.62.60.222:13579/xiaobai_api.php/v1.vod"
    },
    {
      "key": "csp_appysv2_万能影院",
      "name": "万能影院(萝卜)",
      "type": 3,
      "api": "csp_AppYsV2",
      "searchable": 1,
      "quickSearch": 1,
      "filterable": 1,
      "ext": "http://app.wnvod.net/lvdou_api.php/v1.vod"
    },
    {
      "key": "csp_appysv2_蜗牛动漫",
      "name": "蜗牛动漫(萝卜)",
      "type": 3,
      "api": "csp_AppYsV2",
      "searchable": 1,
      "quickSearch": 1,
      "filterable": 1,
      "ext": "http://woniudm.woniu.cyou:20000/mogai_api.php/v1.vod"
    },
    {
      "key": "csp_appysv2_我爱跟剧",
      "name": "我爱跟剧(萝卜)",
      "type": 3,
      "api": "csp_AppYsV2",
      "searchable": 1,
      "quickSearch": 1,
      "filterable": 1,
      "ext": "https://www.genmov.com/mogai_api.php/v1.vod"
    },
    {
      "key": "csp_appysv2_兔子窝",
      "name": "兔子窝(萝卜)",
      "type": 3,
      "api": "csp_AppYsV2",
      "searchable": 1,
      "quickSearch": 1,
      "filterable": 1,
      "ext": "http://cj.huimaojia.com:12345/mogai_api.php/v1.vod"
    },
    {
      "key": "csp_appysv2_天天视频",
      "name": "天天视频(萝卜)",
      "type": 3,
      "api": "csp_AppYsV2",
      "searchable": 1,
      "quickSearch": 1,
      "filterable": 1,
      "ext": "http://app.qianju.cc/api.php/v1.vod"
    },
    {
      "key": "csp_appysv2_淘剧社",
      "name": "淘剧社(萝卜)",
      "type": 3,
      "api": "csp_AppYsV2",
      "searchable": 1,
      "quickSearch": 1,
      "filterable": 1,
      "ext": "https://app.shuhai99.com/api.php/v1.vod"
    },
    {
      "key": "csp_appysv2_沭阳影视",
      "name": "沭阳影视(萝卜)",
      "type": 3,
      "api": "csp_AppYsV2",
      "searchable": 1,
      "quickSearch": 1,
      "filterable": 1,
      "ext": "http://zjr.jurentiaodeng.com/api.php/v1.vod"
    },
    {
      "key": "csp_appysv2_三日影院",
      "name": "三日影院(萝卜)",
      "type": 3,
      "api": "csp_AppYsV2",
      "searchable": 1,
      "quickSearch": 1,
      "filterable": 1,
      "ext": "https://www.3ri.net/api.php/v1.vod"
    },
    {
      "key": "csp_appysv2_日诚影视",
      "name": "日诚影视(萝卜)",
      "type": 3,
      "api": "csp_AppYsV2",
      "searchable": 1,
      "quickSearch": 1,
      "filterable": 1,
      "ext": "http://tv.rcz168.com/api.php/v1.vod"
    },
    {
      "key": "csp_appysv2_群鑫影视",
      "name": "群鑫影视(萝卜)",
      "type": 3,
      "api": "csp_AppYsV2",
      "searchable": 1,
      "quickSearch": 1,
      "filterable": 1,
      "ext": "http://www.qunxinys.com/api.php/v1.vod"
    },
    {
      "key": "csp_appysv2_蒲公英视频",
      "name": "蒲公英视频(萝卜)",
      "type": 3,
      "api": "csp_AppYsV2",
      "searchable": 1,
      "quickSearch": 1,
      "filterable": 1,
      "ext": "http://www.pgy1.top/ruifenglb_api.php/v1.vod"
    },
    {
      "key": "csp_appysv2_美剧迷",
      "name": "美剧迷(萝卜)",
      "type": 3,
      "api": "csp_AppYsV2",
      "searchable": 1,
      "quickSearch": 1,
      "filterable": 1,
      "ext": "http://mj.zjtv.cc/ruifenglb_api.php/v1.vod"
    },
    {
      "key": "csp_appysv2_免费影视",
      "name": "免费影视(萝卜)",
      "type": 3,
      "api": "csp_AppYsV2",
      "searchable": 1,
      "quickSearch": 1,
      "filterable": 1,
      "ext": "http://111.229.120.180:88/lvdou_api.php/v1.vod"
    },
    {
      "key": "csp_appysv2_乐云影视",
      "name": "乐云影视(萝卜)",
      "type": 3,
      "api": "csp_AppYsV2",
      "searchable": 1,
      "quickSearch": 1,
      "filterable": 1,
      "ext": "https://www.leyun.tv/api.php/v1.vod"
    },
    {
      "key": "csp_appysv2_流星影院",
      "name": "流星影院(萝卜)",
      "type": 3,
      "api": "csp_AppYsV2",
      "searchable": 1,
      "quickSearch": 1,
      "filterable": 1,
      "ext": "http://app.216bk.xyz/api.php/v1.vod"
    },
    {
      "key": "csp_appysv2_冷视TV",
      "name": "冷视TV(萝卜)",
      "type": 3,
      "api": "csp_AppYsV2",
      "searchable": 1,
      "quickSearch": 1,
      "filterable": 1,
      "ext": "https://len.tv/api.php/v1.vod"
    },
    {
      "key": "csp_appysv2_龙猫追剧",
      "name": "龙猫追剧(萝卜)",
      "type": 3,
      "api": "csp_AppYsV2",
      "searchable": 1,
      "quickSearch": 1,
      "filterable": 1,
      "ext": "https://lb.ybnxcx.com/api.php/v1.vod"
    },
    {
      "key": "csp_appysv2_凌晨影视",
      "name": "凌晨影视(萝卜)",
      "type": 3,
      "api": "csp_AppYsV2",
      "searchable": 1,
      "quickSearch": 1,
      "filterable": 1,
      "ext": "https://vip.wscyun.com/api.php/v1.vod"
    },
    {
      "key": "csp_appysv2_看看视频",
      "name": "看看视频(萝卜)",
      "type": 3,
      "api": "csp_AppYsV2",
      "searchable": 1,
      "quickSearch": 1,
      "filterable": 1,
      "ext": "http://888.ccboke.top/ruifenglb_api.php/v1.vod"
    },
    {
      "key": "csp_appysv2_看剧吧",
      "name": "看剧吧(萝卜)",
      "type": 3,
      "api": "csp_AppYsV2",
      "searchable": 1,
      "quickSearch": 1,
      "filterable": 1,
      "ext": "http://app.ishen520.com/api.php/v1.vod"
    },
    {
      "key": "csp_appysv2_快看影视",
      "name": "快看影视(萝卜)",
      "type": 3,
      "api": "csp_AppYsV2",
      "searchable": 1,
      "quickSearch": 1,
      "filterable": 1,
      "ext": "https://kuaikys.com/mogai_api.php/v1.vod"
    },
    {
      "key": "csp_appysv2_看吧VIP",
      "name": "看吧VIP(萝卜)",
      "type": 3,
      "api": "csp_AppYsV2",
      "searchable": 1,
      "quickSearch": 1,
      "filterable": 1,
      "ext": "http://app.ppli.xyz/api.php/v1.vod"
    },
    {
      "key": "csp_appysv2_橘子影视",
      "name": "橘子影视(萝卜)",
      "type": 3,
      "api": "csp_AppYsV2",
      "searchable": 1,
      "quickSearch": 1,
      "filterable": 1,
      "ext": "http://jz.juzidy.vip/mogai_api.php/v1.vod"
    },
    {
      "key": "csp_appysv2_玖肆资源",
      "name": "玖肆资源(萝卜)",
      "type": 3,
      "api": "csp_AppYsV2",
      "searchable": 1,
      "quickSearch": 1,
      "filterable": 1,
      "ext": "http://android.jiusi.vip/mogai_api.php/v1.vod"
    },
    {
      "key": "csp_appysv2_极酷影视",
      "name": "极酷影视(萝卜)",
      "type": 3,
      "api": "csp_AppYsV2",
      "searchable": 1,
      "quickSearch": 1,
      "filterable": 1,
      "ext": "https://jiku.vip/mogai_api.php/v1.vod"
    },
    {
      "key": "csp_appysv2_筋斗云影视",
      "name": "筋斗云影视(萝卜)",
      "type": 3,
      "api": "csp_AppYsV2",
      "searchable": 1,
      "quickSearch": 1,
      "filterable": 1,
      "ext": "https://tv.jindcloud.com/api.php/v1.vod"
    },
    {
      "key": "csp_appysv2_黄河影视",
      "name": "黄河影视(萝卜)",
      "type": 3,
      "api": "csp_AppYsV2",
      "searchable": 1,
      "quickSearch": 1,
      "filterable": 1,
      "ext": "http://i.ledu8.cn/api.php/v1.vod"
    },
    {
      "key": "csp_appysv2_寒枫视频",
      "name": "寒枫视频(萝卜)",
      "type": 3,
      "api": "csp_AppYsV2",
      "searchable": 1,
      "quickSearch": 1,
      "filterable": 1,
      "ext": "https://vip.shenyunwl.cn/mogai_api.php/v1.vod"
    },
    {
      "key": "csp_appysv2_风凌影视",
      "name": "风凌影视(萝卜)",
      "type": 3,
      "api": "csp_AppYsV2",
      "searchable": 1,
      "quickSearch": 1,
      "filterable": 1,
      "ext": "https://z1q1.com/mogai_api.php/v1.vod"
    },
    {
      "key": "csp_appysv2_大威电影",
      "name": "大威电影(萝卜)",
      "type": 3,
      "api": "csp_AppYsV2",
      "searchable": 1,
      "quickSearch": 1,
      "filterable": 1,
      "ext": "http://vip.davdy.com/ruifenglb_api.php/v1.vod"
    },
    {
      "key": "csp_appysv2_比邻影视",
      "name": "比邻影视(萝卜)",
      "type": 3,
      "api": "csp_AppYsV2",
      "searchable": 1,
      "quickSearch": 1,
      "filterable": 1,
      "ext": "http://0hzy.cn:9990/mogai_api.php/v1.vod"
    },
    {
      "key": "csp_appysv2_百淘影视",
      "name": "百淘影视(萝卜)",
      "type": 3,
      "api": "csp_AppYsV2",
      "searchable": 1,
      "quickSearch": 1,
      "filterable": 1,
      "ext": "http://ys.58g8.com/lvdou_api.php/v1.vod"
    },
    {
      "key": "csp_appysv2_艾思影视",
      "name": "艾思影视(萝卜)",
      "type": 3,
      "api": "csp_AppYsV2",
      "searchable": 1,
      "quickSearch": 1,
      "filterable": 1,
      "ext": "https://www.aitee.cc/api.php/v1.vod"
    },
    {
      "key": "csp_appysv2_艾特影视",
      "name": "艾特影视(萝卜)",
      "type": 3,
      "api": "csp_AppYsV2",
      "searchable": 1,
      "quickSearch": 1,
      "filterable": 1,
      "ext": "https://www.aitee.cc/api.php/v1.vod"
    },
    {
      "key": "csp_appysv2_阿里影视",
      "name": "阿里影视(萝卜)",
      "type": 3,
      "api": "csp_AppYsV2",
      "searchable": 1,
      "quickSearch": 1,
      "filterable": 1,
      "ext": "http://aliys.cn:90/api.php/v1.vod"
    },
    {
      "key": "csp_appysv2_爱电影",
      "name": "爱电影(萝卜)",
      "type": 3,
      "api": "csp_AppYsV2",
      "searchable": 1,
      "quickSearch": 1,
      "filterable": 1,
      "ext": "https://www.idianying.com.cn/mogai_api.php/v1.vod"
    },
    {
      "key": "csp_appysv2_U5影视",
      "name": "U5影视(萝卜)",
      "type": 3,
      "api": "csp_AppYsV2",
      "searchable": 1,
      "quickSearch": 1,
      "filterable": 1,
      "ext": "https://appx.uy07.com/api.php/v1.vod"
    }
  ],

  "parses": [
    { "name": "解析聚合", "type": 3, "url": "Demo" },
    { "name": "Json并发", "type": 2, "url": "Parallel" },
    { "name": "Json轮询", "type": 2, "url": "Sequence" },
    {
      "name": "线路m9",
      "type": 1,
      "url": "https://api.m3u8.tv:5678/home/api?type=ys&uid=1931000&key=gktuvyzABEORSYZ135&url="
    },
    {
      "name": "线路NX",
      "type": 1,
      "url": "https://vip.nxflv.com/home/api?uid=701203&key=bltuyCEFKLTX013679&url="
    },
    {
      "name": "293",
      "type": 1,
      "url": "http://81.71.48.249:4456/jsonc/longxia.php?url=",
      "ext": {
        "flag": [
          "qq",
          "qiyi",
          "mgtv",
          "youku",
          "letv",
          "sohu",
          "xigua",
          "1905"
        ],
        "header": { "User-Agent": "Dart/2.14 (dart:io)" }
      }
    },
    {
      "name": "Pro",
      "type": 1,
      "url": "http://api.vip123kan.vip/?url=",
      "ext": {
        "flag": [
          "youku",
          "优酷",
          "mgtv",
          "芒果",
          "qq",
          "腾讯",
          "qiyi",
          "爱奇艺",
          "qq",
          "奇艺"
        ]
      }
    },
    {
      "name": "bilibili",
      "type": 1,
      "url": "https://vip.23at.cn/home/api?type=ys&uid=4883852&key=adfimsvxzDKNOVX389&url=",
      "ext": { "flag": ["bilibili"] }
    },
    {
      "name": "leduo",
      "type": 1,
      "url": "https://api.ldjx.cc/wp-api/getvodurl.php?token=1001&vid=",
      "ext": { "flag": ["leduo"] }
    },
    {
      "name": "duoduozy2",
      "type": 1,
      "url": "https://a.dxzj88.com/jxjx/dd.php?url=",
      "ext": { "flag": ["duoduozy"] }
    },
    {
      "name": "renrenmi2",
      "type": 1,
      "url": "https://a.dxzj88.com/jxrrm/jiami.php?url=",
      "ext": { "flag": ["renrenmi"] }
    },
    {
      "name": "renrenmi3",
      "type": 1,
      "url": "https://sz.dxzj88.com/jxrjrm/jiaomi.php?url=",
      "ext": { "flag": ["renrenmi"] }
    },
    {
      "name": "Pro2",
      "type": 1,
      "url": "https://vip.rongxingvr.top/api/?type=ys&key=JJEZkZIhzkA4cUtBfR&url=",
      "ext": {
        "flag": [
          "ltnb",
          "rx",
          "qiyi",
          "爱奇艺",
          "qq",
          "奇艺",
          "sohu",
          "letv",
          "youku",
          "优酷",
          "mgtv",
          "芒果"
        ]
      }
    },
    {
      "name": "2",
      "type": 1,
      "url": "https://jx.mczdyw.com/xg.php?url=",
      "ext": { "flag": ["mgtv", "芒果"] }
    },
    {
      "name": "3",
      "type": 1,
      "url": "https://www.aiaine.com/api/?key=kVqmG5dAQ5dZTcECw8&url=",
      "ext": {
        "flag": [
          "youku",
          "优酷",
          "mgtv",
          "芒果",
          "qq",
          "腾讯",
          "qiyi",
          "爱奇艺",
          "qq",
          "奇艺"
        ]
      }
    },
    {
      "name": "4",
      "type": 1,
      "url": "https://svip.rongxingvr.top/api/?key=niBgMGXVdCQhsmeEBK&url=",
      "ext": {
        "flag": [
          "youku",
          "优酷",
          "mgtv",
          "芒果",
          "qq",
          "腾讯",
          "qiyi",
          "爱奇艺",
          "qq",
          "奇艺"
        ]
      }
    },
    {
      "name": "8",
      "type": 1,
      "url": "https://app.iminna.com/jx/?url=",
      "ext": {
        "flag": [
          "youku",
          "优酷",
          "mgtv",
          "芒果",
          "qq",
          "腾讯",
          "qiyi",
          "爱奇艺",
          "qq",
          "奇艺"
        ]
      }
    },
    {
      "name": "飓风影院2",
      "type": 1,
      "url": "https://vvip.funsline.cn/api/?key=3xWfEoDf4V9p9Y20CR&url=",
      "ext": {
        "flag": [
          "ziqie",
          "youku",
          "优酷",
          "qiyi",
          "爱奇艺",
          "奇艺",
          "mgtv",
          "芒果",
          "qq",
          "腾讯"
        ]
      }
    },
    {
      "name": "我爱电影网",
      "type": 1,
      "url": "https://jhpc.manduhu.com/j1217.php?url=",
      "ext": {
        "flag": [
          "qiyi",
          "爱奇艺",
          "奇艺",
          "mgtv",
          "芒果",
          "youku",
          "优酷",
          "pptv",
          "PPTV"
        ]
      }
    },
    {
      "name": "江湖解析",
      "type": 1,
      "url": "http://103.40.240.46/jh/?url=",
      "ext": {
        "flag": [
          "renrenmi",
          "qq",
          "腾讯",
          "youku",
          "优酷",
          "mgtv",
          "芒果",
          "xigua",
          "西瓜"
        ]
      }
    },
    {
      "name": "王牌",
      "type": 1,
      "url": "https://za.kuanjv.com/?url=",
      "ext": {
        "flag": [
          "qq",
          "腾讯",
          "qiyi",
          "爱奇艺",
          "奇艺",
          "youku",
          "优酷",
          "mgtv",
          "芒果",
          "搜狐",
          "sohu",
          "letv",
          "乐视",
          "bilibili",
          "哔哩哔哩",
          "哔哩",
          "xigua",
          "西瓜"
        ]
      }
    },
    {
      "name": "我爱电影网",
      "type": 1,
      "url": "https://jhpc.manduhu.com/j1217.php?url=",
      "ext": {
        "flag": [
          "qq",
          "腾讯",
          "qiyi",
          "爱奇艺",
          "奇艺",
          "youku",
          "优酷",
          "mgtv",
          "芒果",
          "乐视",
          "letv",
          "PPTV",
          "pptv",
          "bilibili",
          "哔哩哔哩",
          "哔哩"
        ]
      }
    },
    {
      "name": "盘古解析",
      "type": 1,
      "url": "https://json.pangujiexi.com:12345/json.php?url=",
      "ext": {
        "flag": [
          "qq",
          "腾讯",
          "qiyi",
          "爱奇艺",
          "奇艺",
          "youku",
          "优酷",
          "mgtv",
          "芒果"
        ]
      }
    },
    {
      "name": "欢雨",
      "type": 1,
      "url": "http://www.youhuifuligou.com/json/?id=7&url=",
      "ext": {
        "flag": [
          "qq",
          "腾讯",
          "qiyi",
          "爱奇艺",
          "奇艺",
          "youku",
          "优酷",
          "letv",
          "乐视",
          "xigua",
          "西瓜"
        ]
      }
    },
    {
      "name": "hfyrw",
      "type": 1,
      "url": "https://json.hfyrw.com/mao.go?url=",
      "ext": { "flag": ["ltnb", "renrenmi"] }
    },
    {
      "name": "aiaine02",
      "type": 1,
      "url": "https://vip.aiaine.com/api/?key=8FN8gNAySnvJiMllxZ&url=",
      "ext": {
        "flag": [
          "ltnb",
          "renrenmi",
          "xfyun",
          "miaoparty",
          "miaoparty2",
          "miaoparty3",
          "longteng",
          "xueren"
        ]
      }
    },
    {
      "name": "五一解析",
      "type": 1,
      "url": "https://json.5lp.net/json.php?url=",
      "ext": { "flag": ["ltnb", "renrenmi", "rx", "rongxing"] }
    },
    {
      "name": "RongXingVR",
      "type": 1,
      "url": "https://vip.rongxingvr.top/api/?key=JJEZkZIhzkA4cUtBfR&url=",
      "ext": {
        "flag": [
          "renrenmi",
          "rx",
          "rongxing",
          "mgtv",
          "芒果",
          "bilibili",
          "哔哩哔哩",
          "哔哩"
        ]
      }
    },
    {
      "name": "jx165",
      "type": 1,
      "url": "https://ltjx.kuaixiao.vip/home/api?type=ys&uid=506916&key=dlmpwBHIKLMPQRVW23&url=",
      "ext": { "flag": ["ltnb"] }
    },
    {
      "name": "jx36",
      "type": 1,
      "url": "https://api.m3u8.tv:5678/home/api?type=ys&uid=9105801&key=huwxFGILMOQSTUZ679&url=",
      "ext": {
        "flag": [
          "qq",
          "腾讯",
          "qiyi",
          "爱奇艺",
          "奇艺",
          "youku",
          "优酷",
          "mgtv",
          "芒果"
        ]
      }
    },
    {
      "name": "J13",
      "type": 1,
      "url": "https://languangyingshiziyuan.1080zy.top/longtengzy.php/?url=",
      "ext": { "flag": ["ltnb"] }
    },
    {
      "name": "xfyun云",
      "type": 1,
      "url": "https://vip.xfyun.one/home/api?type=ys&uid=2581923&key=ceijpquvBMOSUVXZ23&url=",
      "ext": { "flag": ["xfyun"] }
    },
    {
      "name": "Wuduzy",
      "type": 1,
      "url": "https://aa.xkys.tv/json.php?url=",
      "ext": { "flag": ["wuduzy"] }
    },
    {
      "name": "LTRX",
      "type": 1,
      "url": "https://svip.spchat.top/api/?type=ys&key=bKemW41JnxmQb4l67h&url=",
      "ext": { "flag": ["rx"] }
    },
    {
      "name": "喵派对资源3",
      "type": 1,
      "url": "https://vip.aiaine.com/api/?key=fOWaGgFU45zlIjvbHI&url=",
      "ext": { "flag": ["ltnb", "renrenmi"] }
    },
    {
      "name": "喵派对资源2",
      "type": 1,
      "url": "https://svip.iremind.me/api/?key=A5Db8HF8c8FSIOR6R1&url=",
      "ext": {
        "flag": [
          "renrenmi",
          "qq",
          "腾讯",
          "qiyi",
          "爱奇艺",
          "奇艺",
          "youku",
          "优酷",
          "mgtv",
          "芒果",
          "bilibili",
          "哔哩哔哩",
          "哔哩",
          "sohu"
        ]
      }
    },
    {
      "name": "leduotv",
      "type": 1,
      "url": "https://api.leduotv.com/wp-api/getvodurl.php?vid=",
      "ext": { "flag": ["leduo"] }
    },
    {
      "name": "OJBK",
      "type": 0,
      "url": "https://jmwl.qd234.cn/v/?v=",
      "ext": {
        "flag": [
          "ltnb",
          "renrenmi",
          "rx",
          "xfyun",
          "muxm3u8",
          "xigua",
          "xueren",
          "qq",
          "腾讯",
          "qiyi",
          "爱奇艺",
          "奇艺",
          "youku",
          "优酷",
          "mgtv",
          "芒果",
          "bilibili",
          "哔哩哔哩",
          "哔哩",
          "pptv",
          "PPTV",
          "sohu",
          "letv"
        ]
      }
    },
    { "name": "M117", "type": 0, "url": "http://1.117.152.239:39000/?url=" },
    {
      "name": "zui",
      "type": 0,
      "url": "https://jx.zui.cm/?url=",
      "ext": { "flag": ["ltnb"] }
    },
    {
      "name": "parwix1",
      "type": 0,
      "url": "https://jx.parwix.com:4433/player/?url=",
      "ext": {
        "flag": [
          "qq",
          "腾讯",
          "qiyi",
          "爱奇艺",
          "奇艺",
          "youku",
          "优酷",
          "mgtv",
          "芒果",
          "letv",
          "乐视",
          "pptv",
          "PPTV",
          "sohu",
          "bilibili",
          "哔哩哔哩",
          "哔哩"
        ]
      }
    },
    {
      "name": "parwix2",
      "type": 0,
      "url": "https://jx.parwix.com:4433/player/analysis.php?v=",
      "ext": {
        "flag": [
          "qq",
          "腾讯",
          "qiyi",
          "爱奇艺",
          "奇艺",
          "youku",
          "优酷",
          "mgtv",
          "芒果",
          "letv",
          "乐视",
          "pptv",
          "PPTV",
          "sohu",
          "bilibili",
          "哔哩哔哩",
          "哔哩"
        ]
      }
    },
    {
      "name": "xuerenweb",
      "type": 0,
      "url": "https://s.2tu.uk/?url=",
      "ext": { "flag": ["xueren"] }
    },
    {
      "name": "xuerenweb2",
      "type": 0,
      "url": "https://xrm3u8.qd234.cn/?url=",
      "ext": { "flag": ["xueren"] }
    },
    {
      "name": "美剧虫",
      "type": 0,
      "url": "https://jx.daiguaji.com/?url=",
      "ext": { "flag": ["zijian"] }
    },
    {
      "name": "miao",
      "type": 0,
      "url": "https://jx.58g8.com/1/?url=",
      "ext": { "flag": ["miaoparty"] }
    },
    {
      "name": "web1",
      "type": 0,
      "url": "https://www.nxflv.com/?url=",
      "ext": {
        "flag": [
          "youku",
          "优酷",
          "mgtv",
          "芒果",
          "qq",
          "腾讯",
          "qiyi",
          "爱奇艺",
          "qq",
          "奇艺",
          "sohu",
          "letv"
        ]
      }
    },
    {
      "name": "万能解析",
      "type": 0,
      "url": "https://vip.legendwhb.cn/m3u8.php?url=",
      "ext": {
        "flag": [
          "ltnb",
          "renrenmi",
          "qq",
          "腾讯",
          "qiyi",
          "爱奇艺",
          "奇艺",
          "youku",
          "优酷",
          "mgtv",
          "芒果",
          "bilibili",
          "哔哩哔哩",
          "哔哩"
        ]
      }
    },
    {
      "name": "ltnb04",
      "type": 0,
      "url": "https://vip.bljiex.com/?v=",
      "ext": { "flag": ["ltnb"] }
    },
    {
      "name": "ltnb02",
      "type": 0,
      "url": "https://jx.zui.cm/?url=",
      "ext": { "flag": ["ltnb"] }
    },
    {
      "name": "CL4K01",
      "type": 0,
      "url": "https://ys.ling00.cn/CL4K/?url=",
      "ext": { "flag": ["CL4K", "qq", "腾讯"] }
    },
    {
      "name": "CL4K02",
      "type": 0,
      "url": "https://app.okmedcos.com/4k/?url=",
      "ext": { "flag": ["CL4K", "qq", "腾讯", "pptv", "PPTV"] }
    }
  ],
  "flags": [
    "youku",
    "qq",
    "iqiyi",
    "qiyi",
    "letv",
    "sohu",
    "tudou",
    "pptv",
    "mgtv",
    "wasu",
    "bilibili",
    "renrenmi"
  ],
  "ijk": [
    {
      "group": "软解码",
      "options": [
        { "category": 4, "name": "opensles", "value": "0" },
        { "category": 4, "name": "overlay-format", "value": "842225234" },
        { "category": 4, "name": "framedrop", "value": "1" },
        { "category": 4, "name": "soundtouch", "value": "1" },
        { "category": 4, "name": "start-on-prepared", "value": "1" },
        { "category": 1, "name": "http-detect-range-support", "value": "0" },
        { "category": 1, "name": "fflags", "value": "fastseek" },
        { "category": 2, "name": "skip_loop_filter", "value": "48" },
        { "category": 4, "name": "reconnect", "value": "1" },
        { "category": 4, "name": "enable-accurate-seek", "value": "0" },
        { "category": 4, "name": "mediacodec", "value": "0" },
        { "category": 4, "name": "mediacodec-auto-rotate", "value": "0" },
        {
          "category": 4,
          "name": "mediacodec-handle-resolution-change",
          "value": "0"
        },
        { "category": 4, "name": "mediacodec-hevc", "value": "0" },
        { "category": 1, "name": "dns_cache_timeout", "value": "600000000" }
      ]
    },
    {
      "group": "硬解码",
      "options": [
        { "category": 4, "name": "opensles", "value": "0" },
        { "category": 4, "name": "overlay-format", "value": "842225234" },
        { "category": 4, "name": "framedrop", "value": "1" },
        { "category": 4, "name": "soundtouch", "value": "1" },
        { "category": 4, "name": "start-on-prepared", "value": "1" },
        { "category": 1, "name": "http-detect-range-support", "value": "0" },
        { "category": 1, "name": "fflags", "value": "fastseek" },
        { "category": 2, "name": "skip_loop_filter", "value": "48" },
        { "category": 4, "name": "reconnect", "value": "1" },
        { "category": 4, "name": "enable-accurate-seek", "value": "0" },
        { "category": 4, "name": "mediacodec", "value": "1" },
        { "category": 4, "name": "mediacodec-auto-rotate", "value": "1" },
        {
          "category": 4,
          "name": "mediacodec-handle-resolution-change",
          "value": "1"
        },
        { "category": 4, "name": "mediacodec-hevc", "value": "1" },
        { "category": 1, "name": "dns_cache_timeout", "value": "600000000" }
      ]
    }
  ],
  "ads": [
    "mimg.0c1q0l.cn",
    "www.googletagmanager.com",
    "www.google-analytics.com",
    "mc.usihnbcq.cn",
    "mg.g1mm3d.cn",
    "mscs.svaeuzh.cn",
    "cnzz.hhttm.top",
    "tp.vinuxhome.com",
    "cnzz.mmstat.com",
    "www.baihuillq.com",
    "s23.cnzz.com",
    "z3.cnzz.com",
    "c.cnzz.com",
    "stj.v1vo.top",
    "z12.cnzz.com",
    "img.mosflower.cn",
    "tips.gamevvip.com",
    "ehwe.yhdtns.com",
    "xdn.cqqc3.com",
    "www.jixunkyy.cn",
    "sp.chemacid.cn",
    "hm.baidu.com",
    "s9.cnzz.com",
    "z6.cnzz.com",
    "um.cavuc.com",
    "mav.mavuz.com",
    "wofwk.aoidf3.com",
    "z5.cnzz.com",
    "xc.hubeijieshikj.cn",
    "tj.tianwenhu.com",
    "xg.gars57.cn",
    "k.jinxiuzhilv.com",
    "cdn.bootcss.com",
    "ppl.xunzhuo123.com",
    "xomk.jiangjunmh.top",
    "img.xunzhuo123.com",
    "z1.cnzz.com",
    "s13.cnzz.com",
    "xg.huataisangao.cn",
    "z7.cnzz.com",
    "xg.huataisangao.cn",
    "z2.cnzz.com",
    "s96.cnzz.com",
    "q11.cnzz.com",
    "thy.dacedsfa.cn",
    "xg.whsbpw.cn",
    "s19.cnzz.com",
    "z8.cnzz.com",
    "s4.cnzz.com",
    "f5w.as12df.top",
    "ae01.alicdn.com",
    "www.92424.cn",
    "k.wudejia.com",
    "vivovip.mmszxc.top",
    "qiu.xixiqiu.com",
    "cdnjs.hnfenxun.com",
    "cms.qdwght.com"
  ]
}
