{"name": "24-思乐影视",
"url": "https://www.4ltv.com",
"tihuan": "cnzz.com",
"User": "空",
"fenlei": "电视剧$/show/1------#电影$/show/2------#综艺$/show/3------#动漫$/show/4------",
"houzhui": ".html",
"shifouercijiequ": "0",
"jiequqian": "空",
"jiequhou": "空",
"jiequshuzuqian":"class=\"module-item-pic",
"jiequshuzuhou": "</div>",
"tupianqian": "data-src=\"",
"tupianhou": "\"",
"biaotiqian": "title=\"",
"biaotihou": "\"",
"lianjieqian": "href=\"",
"lianjiehou": "\"",
"sousuoqian": "/index.php/ajax/suggest?mid=1&wd=",
"sousuohou": "&limit=500",
"sousuohouzhui": "/vod/",
"ssmoshi": "0",
"sousuoshifouercijiequ": "0",
"jspic": "pic",
"jsname": "name",
"jsid": "id",
"ssjiequqian": "空",
"ssjiequhou": "空",
"ssjiequshuzuqian": "class=\"col-md-1",
"ssjiequshuzuhou": "</li>",
"sstupianqian": "src=\"",
"sstupianhou": "\"",
"ssbiaotiqian": "title=\"",
"ssbiaotihou": "\"",
"sslianjieqian": "href=\"",
"sslianjiehou": "\"",
"bfshifouercijiequ": "0",
"bfjiequqian": "空",
"bfjiequhou": "空",
"bfjiequshuzuqian": "class=\"sort-item",
"bfjiequshuzuhou": "</div>",
"zhuangtaiqian": "分类：</span>",
"zhuangtaihou": "</p>",
"daoyanqian": "导演：</span>",
"daoyanhou": "</p>",
"zhuyanqian": "主演：</span>",
"zhuyanhou": "</p>",
"juqingqian": "简介：</span>",
"juqinghou": "</span>",
"bfyshifouercijiequ": "0",
"bfyjiequqian": "空",
"bfyjiequhou": "空",
"bfyjiequshuzuqian": "<a",
"bfyjiequshuzuhou": "/a>",
"bfbiaotiqian": "<span>",
"bfbiaotihou": "</span>",
"bflianjieqian": "href=\"",
"bflianjiehou": "\""}