﻿{
    "sites": [{
        "key": "csp_77",
        "name": "默认主页",
        "type": 3,
        "api": "csp_Kunyu77",
        "searchable": 0,
        "quickSearch": 0,
        "filterable": 1
    }, {
        "key": "csp_xpath_qiyou",
        "name": "奇优",
        "type": 3,
        "api": "csp_XPath",
        "searchable": 0,
        "quickSearch": 0,
        "filterable": 1,
        "ext": "clan://TVBox/ymjl/603-qiyou.js"
    }, {
        "key": "csp_77",
        "name": "七七🐞",
        "type": 3,
        "api": "csp_Kunyu77",
        "searchable": 1,
        "quickSearch": 1,
        "filterable": 1
    }, {
        "key": "csp_xpath_网络搜集库huaya",
        "name": "虎牙🎤",
        "type": 3,
        "api": "csp_XPath",
        "searchable": 1,
        "quickSearch": 0,
        "filterable": 1,
        "ext": "clan://TVBox/ymjl/huya.js"
    }, {
        "key": "csp_xpath_网络搜集库qiumi",
        "name": "球迷🏀",
        "type": 3,
        "api": "csp_XPathFilter",
        "searchable": 1,
        "quickSearch": 0,
        "filterable": 1,
        "ext": "clan://TVBox/ymjl/516-qiumi.js"
    }, {
        "key": "csp_xpath_A33",
        "name": "MTV🎸",
        "type": 3,
        "api": "csp_XPath",
        "searchable": 1,
        "quickSearch": 0,
        "filterable": 1,
        "ext": "clan://TVBox/ymjl/mtv"
    }, {
        "key": "csp_CZSPP",
        "name": "厂长🐞",
        "type": 3,
        "api": "csp_CZSPP",
        "searchable": 1,
        "quickSearch": 1,
        "filterable": 1
    }, {
        "key": "csp_LiteApple",
        "name": "苹果🐞",
        "type": 3,
        "api": "csp_LiteApple",
        "searchable": 1,
        "quickSearch": 1,
        "filterable": 1
    }, {
        "key": "csp_Zxzj",
        "name": "在线🐞",
        "type": 3,
        "api": "csp_Zxzj",
        "searchable": 1,
        "quickSearch": 1,
        "filterable": 1
    }, {
        "key": "csp_DiDuan",
        "name": "低端🐞",
        "type": 3,
        "api": "csp_DiDuan",
        "searchable": 1,
        "quickSearch": 1,
        "filterable": 1
    }, {
        "key": "csp_Cokemv",
        "name": "Coke🐞",
        "type": 3,
        "api": "csp_Cokemv",
        "searchable": 1,
        "quickSearch": 1,
        "filterable": 1
    }, {
        "key": "csp_XBiubiubiubiu_蓝光影视",
        "name": "蓝光🐞",
        "type": 3,
        "api": "csp_XBiubiu",
        "searchable": 1,
        "quickSearch": 1,
        "filterable": 0,
        "ext": "clan://TVBox/ymjl/xb/b02-lgys.js"
    }, {
        "key": "csp_GitCafe",
        "name": "纸条📃",
        "type": 3,
        "api": "csp_GitCafe",
        "searchable": 1,
        "quickSearch": 1,
        "filterable": 0
    }, {
        "key": "csp_AliPanSou",
        "name": "猫搜😻",
        "type": 3,
        "api": "csp_AliPanSou",
        "searchable": 1,
        "quickSearch": 1,
        "filterable": 0
    }, {
        "key": "csp_Qicui",
        "name": "奇粹🐞",
        "type": 3,
        "api": "csp_Qicui",
        "searchable": 1,
        "quickSearch": 1,
        "filterable": 1
    }, {
        "key": "csp_DY1990",
        "name": "990🐞",
        "type": 3,
        "api": "csp_DY1990",
        "searchable": 1,
        "quickSearch": 1,
        "filterable": 0
    }, {
        "key": "csp_appysv2_9e国语",
        "name": "9E国语",
        "type": 3,
        "api": "csp_AppYsV2",
        "searchable": 1,
        "quickSearch": 1,
        "filterable": 1,
        "ext": "http://vod.9e03.com/lvdou_api.php/v1.vod"
    }, {
        "key": "csp_xpath_网络搜集库112",
        "name": "工人",
        "type": 3,
        "api": "csp_XPathMacFilter",
        "searchable": 1,
        "quickSearch": 1,
        "filterable": 1,
        "ext": "clan://TVBox/ymjl/519-gongreng.json"
    }, {
        "key": "csp_xpath_网络搜集源03",
        "name": "在线",
        "type": 3,
        "api": "csp_XPathMacFilter",
        "searchable": 1,
        "quickSearch": 1,
        "filterable": 1,
        "ext": "clan://TVBox/ymjl/zxzj.js"
    }, {
        "key": "csp_xpath_01-网络搜集源00",
        "name": "骚火",
        "type": 3,
        "api": "csp_XPath",
        "searchable": 1,
        "quickSearch": 1,
        "filterable": 1,
        "ext": "clan://TVBox/ymjl/saohuo.json"
    }, {
        "key": "csp_XBiubiubiubiu_libvio",
        "name": "libvio(B)",
        "type": 3,
        "api": "csp_XBiubiu",
        "searchable": 1,
        "quickSearch": 1,
        "filterable": 0,
        "ext": "clan://TVBox/ymjl/xb/b14-libvio.js"
    }, {
        "key": "csp_XBiubiubiubiu_lezhu",
        "name": "乐猪(B)",
        "type": 3,
        "api": "csp_XBiubiu",
        "searchable": 1,
        "quickSearch": 1,
        "filterable": 0,
        "ext": "clan://TVBox/ymjl/xb/b13-lezhu.js"
    }, {
        "key": "csp_XBiubiubiubiu_555",
        "name": "555(B)",
        "type": 3,
        "api": "csp_XBiubiu",
        "searchable": 1,
        "quickSearch": 1,
        "filterable": 0,
        "ext": "clan://TVBox/ymjl/xb/b01-555dy.js"
    }, {
        "key": "csp_XBiubiubiubiu_ysgc",
        "name": "工厂(B)",
        "type": 3,
        "api": "csp_XBiubiu",
        "searchable": 1,
        "quickSearch": 1,
        "filterable": 0,
        "ext": "clan://TVBox/ymjl/xb/b03-ysgc.js"
    }, {
        "key": "csp_XBiubiubiubiu_city",
        "name": "city(B)",
        "type": 3,
        "api": "csp_XBiubiu",
        "searchable": 1,
        "quickSearch": 1,
        "filterable": 0,
        "ext": "clan://TVBox/ymjl/xb/city.js"
    }, {
        "key": "csp_XBiubiubiubiu_手机看剧",
        "name": "手机(B)",
        "type": 3,
        "api": "csp_XBiubiu",
        "searchable": 1,
        "quickSearch": 1,
        "filterable": 0,
        "ext": "clan://TVBox/ymjl/xb/b06-sjkj.js"
    }, {
        "key": "csp_XBiubiubiubiu_口袋影院",
        "name": "口袋(B)",
        "type": 3,
        "api": "csp_XBiubiu",
        "searchable": 1,
        "quickSearch": 1,
        "filterable": 0,
        "ext": "clan://TVBox/ymjl/xb/b07-kdys.js"
    }, {
        "key": "csp_XBiubiubiubiu_4kan电影网",
        "name": "4k网(B)",
        "type": 3,
        "api": "csp_XBiubiu",
        "searchable": 1,
        "quickSearch": 1,
        "filterable": 0,
        "ext": "clan://TVBox/ymjl/xb/b11-4Kkan.js"
    }, {
        "key": "csp_XPath_猫群首发",
        "name": "哔嘀",
        "type": 3,
        "api": "csp_XPathMacFilter",
        "searchable": 1,
        "quickSearch": 1,
        "filterable": 1,
        "ext": "clan://TVBox/ymjl/519-bidi.json"
    }, {
        "key": "csp_xpath_网络搜集库29",
        "name": "乌龟",
        "type": 3,
        "api": "csp_XPathMac",
        "searchable": 1,
        "quickSearch": 1,
        "filterable": 1,
        "ext": "clan://TVBox/ymjl/519-dadagui.json"
    }, {
        "key": "csp_XPathMacFilter_网络搜集源02",
        "name": "极品",
        "type": 3,
        "api": "csp_XPathMacFilter",
        "searchable": 1,
        "quickSearch": 1,
        "filterable": 1,
        "ext": "clan://TVBox/ymjl/jp"
    }, {
        "key": "csp_xpath_网络搜集库naikan",
        "name": "耐看",
        "type": 3,
        "api": "csp_XPathFilter",
        "searchable": 1,
        "quickSearch": 1,
        "filterable": 1,
        "ext": "clan://TVBox/ymjl/516-naikan.js"
    }, {
        "key": "csp_appysv2_爱酷影视",
        "name": "酷酷",
        "type": 3,
        "api": "csp_AppYsV2",
        "searchable": 1,
        "quickSearch": 1,
        "filterable": 1,
        "ext": "https://www.zhanlangbu.com/ruifenglb_api.php/v1.vod"
    }, {
        "key": "csp_xpath_hhys",
        "name": "火火",
        "type": 3,
        "api": "csp_XPathMacFilter",
        "searchable": 1,
        "quickSearch": 1,
        "filterable": 1,
        "ext": "clan://TVBox/ymjl/604-huohuo.js"
    }, {
        "key": "csp_xpath_网络搜集库kankan",
        "name": "看看",
        "type": 3,
        "api": "csp_XPathMacFilter",
        "searchable": 1,
        "quickSearch": 1,
        "filterable": 1,
        "ext": "clan://TVBox/ymjl/516-wmkankan.js"
    }, {
        "key": "csp_AppYsV2_美剧范",
        "name": "美剧",
        "type": 3,
        "api": "csp_AppYsV2",
        "searchable": 1,
        "quickSearch": 1,
        "filterable": 1,
        "ext": "http://ttzmz.net/api.php/v1.vod"
    }, {
        "key": "csp_xpath_网络搜集库heidong",
        "name": "黑洞",
        "type": 3,
        "api": "csp_XPathMac",
        "searchable": 1,
        "quickSearch": 1,
        "filterable": 1,
        "ext": "clan://TVBox/ymjl/505-heidong.js"
    }, {
        "key": "csp_xpath_网络搜集源A13",
        "name": "六度",
        "type": 3,
        "api": "csp_XPathMacFilter",
        "searchable": 1,
        "quickSearch": 1,
        "filterable": 1,
        "ext": "clan://TVBox/ymjl/6dutv.js"
    }, {
        "key": "csp_xpath_网络搜集库108",
        "name": "小熊",
        "type": 3,
        "api": "csp_XPath",
        "searchable": 1,
        "quickSearch": 1,
        "filterable": 1,
        "ext": "clan://TVBox/ymjl/519-xiaoxiong.json"
    }, {
        "key": "csp_xpath_网络搜集库62",
        "name": "嘀哩",
        "type": 3,
        "api": "csp_XPathFilter",
        "searchable": 1,
        "quickSearch": 1,
        "filterable": 1,
        "ext": "clan://TVBox/ymjl/519-dili.json"
    }, {
        "key": "csp_xpath_网络搜集库80",
        "name": "兔子",
        "type": 3,
        "api": "csp_XPath",
        "searchable": 1,
        "quickSearch": 1,
        "filterable": 1,
        "ext": "clan://TVBox/ymjl/519-tuzi.json"
    }, {
        "key": "csp_xpath_网络搜集库03",
        "name": "影吧",
        "type": 3,
        "api": "csp_XPath",
        "searchable": 1,
        "quickSearch": 1,
        "filterable": 1,
        "ext": "clan://TVBox/ymjl/519-yingba.json"
    }, {
        "key": "csp_XPathMacFilter_网络搜集源01-js",
        "name": "VOD",
        "type": 3,
        "api": "csp_XPathMacFilter",
        "searchable": 1,
        "quickSearch": 1,
        "filterable": 1,
        "ext": "clan://TVBox/ymjl/519-vod.json"
    }, {
        "key": "csp_xpath_网络搜集库72",
        "name": "钉钉",
        "type": 3,
        "api": "csp_XPath",
        "searchable": 1,
        "quickSearch": 1,
        "filterable": 1,
        "ext": "clan://TVBox/ymjl/519-dingzidy.json"
    }, {
        "key": "csp_xpath_网络搜集源21",
        "name": "樱花",
        "type": 3,
        "api": "csp_XPath",
        "searchable": 1,
        "quickSearch": 1,
        "filterable": 0,
        "ext": "clan://TVBox/ymjl/605-yhdm.js"
    }, {
        "key": "csp_xpath_A32",
        "name": "动漫",
        "type": 3,
        "api": "csp_XPath",
        "searchable": 1,
        "quickSearch": 1,
        "filterable": 0,
        "ext": "clan://TVBox/ymjl/604-dmd.js"
    }, {
        "key": "csp_xpath_网络搜集源22",
        "name": "巴士",
        "type": 3,
        "api": "csp_XPath",
        "searchable": 1,
        "quickSearch": 1,
        "filterable": 0,
        "ext": "clan://TVBox/ymjl/604-dm84.js"
    }, {
        "key": "csp_xpath_网络搜集源23",
        "name": "AGE",
        "type": 3,
        "api": "csp_XPath",
        "searchable": 1,
        "quickSearch": 1,
        "filterable": 0,
        "ext": "clan://TVBox/ymjl/604-age.js"
    }, {
        "key": "csp_biubiu_风车动漫",
        "name": "风车",
        "type": 3,
        "api": "csp_XBiubiu",
        "searchable": 1,
        "quickSearch": 1,
        "filterable": 0,
        "ext": "clan://TVBox/ymjl/xb/d05-fcdm.js"
    }, {
        "key": "csp_biubiu_森屋新番",
        "name": "森屋",
        "type": 3,
        "api": "csp_XBiubiu",
        "searchable": 1,
        "quickSearch": 1,
        "filterable": 0,
        "ext": "clan://TVBox/ymjl/xb/d02-swxf.js"
    }, {
        "key": "csp_biubiu_维奇动漫",
        "name": "维奇",
        "type": 3,
        "api": "csp_XBiubiu",
        "searchable": 1,
        "quickSearch": 1,
        "filterable": 0,
        "ext": "clan://TVBox/ymjl/xb/d03-wqdm.js"
    }, {
        "key": "push_agent",
        "name": "推送",
        "type": 3,
        "api": "csp_Ali",
        "searchable": 0,
        "quickSearch": 0,
        "filterable": 0
    }],
    "lives": [{
        "group": "redirect",
        "channels": [{
            "name": "live",
            "urls": ["proxy://do=live&type=txt&ext=Y2xhbjovL1RWQm94L3R2L2xpdmUudHh0"]
        }]
    }],
    "parses": [{
        "name": "默认选项",
        "type": 3,
        "url": "Demo"
    }, {
        "name": "01",
        "type": 1,
        "url": "http://81.71.48.249:4456/jsonc/longxia.php?url=",
        "ext": {
            "flag": ["qq", "qiyi", "mgtv", "youku", "letv", "sohu", "xigua", "1905"],
            "header": {
                "User-Agent": "Dart/2.14 (dart:io)"
            }
        }
    }, {
        "name": "网络搜集02",
        "type": 1,
        "url": "https://json.pangujiexi.com/json.php?url=",
        "ext": {
            "flag": ["youku", "优酷", "qq", "腾讯", "qiyi", "爱奇艺", "奇艺"]
        }
    }, {
        "name": "网络搜集03",
        "type": 1,
        "url": "https://vip.aiaine.com/api/?key=8FN8gNAySnvJiMllxZ&url=",
        "ext": {
            "flag": ["Itnb", "wuduzy"]
        }
    }, {
        "name": "网络搜集04",
        "type": 1,
        "url": "http://api.vip123kan.vip/?url=",
        "ext": {
            "flag": ["youku", "优酷", "mgtv", "芒果", "qq", "腾讯", "qiyi", "爱奇艺", "qq", "xigua", "奇艺"]
        }
    }, {
        "name": "网络搜集05",
        "type": 1,
        "url": "https://a.dxzj88.com/jxrrm/jiami.php?url=",
        "ext": {
            "flag": ["qq", "腾讯", "qiyi", "爱奇艺", "奇艺", "youku", "优酷", "sohu", "芒果", "mgtv", "xigua", "wuduzy", "bilibili", "pptv", "leduo", "Clk4", "哔哩", "renrenmi", "ltnb", "rx"]
        }
    }, {
        "name": "网络搜集06",
        "type": 1,
        "url": "https://sz.dxzj88.com/jxrjrm/jiaomi.php?url=",
        "ext": {
            "flag": ["qq", "腾讯", "qiyi", "爱奇艺", "奇艺", "youku", "优酷", "sohu", "芒果", "mgtv", "xigua", "wuduzy", "bilibili", "pptv", "leduo", "Clk4", "哔哩", "renrenmi", "ltnb", "rx"]
        }
    }, {
        "name": "网络搜集07",
        "type": 1,
        "url": "https://vip.aiaine.com/api/?key=8FN8gNAySnvJiMllxZ&url=",
        "ext": {
            "flag": ["ltnb"]
        }
    }, {
        "name": "网络搜集08",
        "type": 1,
        "url": "https://svip.rongxingvr.top/api/?key=niBgMGXVdCQhsmeEBK&url=",
        "ext": {
            "flag": ["youku", "qq", "mgtv", "bilibili", "wasu", "xigua", "renrenmi", "优酷", "芒果"]
        }
    }, {
        "name": "网络搜集10",
        "type": 1,
        "url": "https://json.5lp.net/json.php?url=",
        "ext": {
            "flag": ["qq", "腾讯", "qiyi", "爱奇艺", "奇艺", "youku", "优酷", "mgtv", "芒果", "renrenmi", "Itnb"]
        }
    }],
    "flags": ["youku", "qq", "iqiyi", "qiyi", "letv", "sohu", "letv", "tudou", "pptv", "mgtv", "wasu", "bilibili", "leduo", "fq3", "fq4", "xueren", "duoduo", "duoduozy", "miaoparty", "miaoparty2", "miaoparty3", "renrenmi", "优酷", "芒果", "腾讯", "爱奇艺", "奇艺", "ltnb", "rx", "CL4K", "xfyun", "wuduzy"],
    "ijk": [{
        "group": "软解码",
        "options": [{
            "category": 4,
            "name": "opensles",
            "value": "0"
        }, {
            "category": 4,
            "name": "overlay-format",
            "value": "842225234"
        }, {
            "category": 4,
            "name": "framedrop",
            "value": "1"
        }, {
            "category": 4,
            "name": "soundtouch",
            "value": "1"
        }, {
            "category": 4,
            "name": "start-on-prepared",
            "value": "1"
        }, {
            "category": 1,
            "name": "http-detect-range-support",
            "value": "0"
        }, {
            "category": 1,
            "name": "fflags",
            "value": "fastseek"
        }, {
            "category": 2,
            "name": "skip_loop_filter",
            "value": "48"
        }, {
            "category": 4,
            "name": "reconnect",
            "value": "1"
        }, {
            "category": 4,
            "name": "enable-accurate-seek",
            "value": "0"
        }, {
            "category": 4,
            "name": "mediacodec",
            "value": "0"
        }, {
            "category": 4,
            "name": "mediacodec-auto-rotate",
            "value": "0"
        }, {
            "category": 4,
            "name": "mediacodec-handle-resolution-change",
            "value": "0"
        }, {
            "category": 4,
            "name": "mediacodec-hevc",
            "value": "0"
        }, {
            "category": 1,
            "name": "dns_cache_timeout",
            "value": "600000000"
        }]
    }, {
        "group": "硬解码",
        "options": [{
            "category": 4,
            "name": "opensles",
            "value": "0"
        }, {
            "category": 4,
            "name": "overlay-format",
            "value": "842225234"
        }, {
            "category": 4,
            "name": "framedrop",
            "value": "1"
        }, {
            "category": 4,
            "name": "soundtouch",
            "value": "1"
        }, {
            "category": 4,
            "name": "start-on-prepared",
            "value": "1"
        }, {
            "category": 1,
            "name": "http-detect-range-support",
            "value": "0"
        }, {
            "category": 1,
            "name": "fflags",
            "value": "fastseek"
        }, {
            "category": 2,
            "name": "skip_loop_filter",
            "value": "48"
        }, {
            "category": 4,
            "name": "reconnect",
            "value": "1"
        }, {
            "category": 4,
            "name": "enable-accurate-seek",
            "value": "0"
        }, {
            "category": 4,
            "name": "mediacodec",
            "value": "1"
        }, {
            "category": 4,
            "name": "mediacodec-auto-rotate",
            "value": "1"
        }, {
            "category": 4,
            "name": "mediacodec-handle-resolution-change",
            "value": "1"
        }, {
            "category": 4,
            "name": "mediacodec-hevc",
            "value": "1"
        }, {
            "category": 1,
            "name": "dns_cache_timeout",
            "value": "600000000"
        }]
    }],
    "ads": ["mimg.0c1q0l.cn", "www.googletagmanager.com", "www.google-analytics.com", "mc.usihnbcq.cn", "mg.g1mm3d.cn", "mscs.svaeuzh.cn", "cnzz.hhttm.top", "tp.vinuxhome.com", "cnzz.mmstat.com", "www.baihuillq.com", "s23.cnzz.com", "z3.cnzz.com", "c.cnzz.com", "stj.v1vo.top", "z12.cnzz.com", "img.mosflower.cn", "tips.gamevvip.com", "ehwe.yhdtns.com", "xdn.cqqc3.com", "www.jixunkyy.cn", "sp.chemacid.cn", "hm.baidu.com", "s9.cnzz.com", "z6.cnzz.com", "um.cavuc.com", "mav.mavuz.com", "wofwk.aoidf3.com", "z5.cnzz.com", "xc.hubeijieshikj.cn", "tj.tianwenhu.com", "xg.gars57.cn", "k.jinxiuzhilv.com", "cdn.bootcss.com", "ppl.xunzhuo123.com", "xomk.jiangjunmh.top", "img.xunzhuo123.com", "z1.cnzz.com", "s13.cnzz.com", "xg.huataisangao.cn", "z7.cnzz.com", "xg.huataisangao.cn", "z2.cnzz.com", "s96.cnzz.com", "q11.cnzz.com", "thy.dacedsfa.cn", "xg.whsbpw.cn", "s19.cnzz.com", "z8.cnzz.com", "s4.cnzz.com", "f5w.as12df.top", "ae01.alicdn.com", "www.92424.cn", "k.wudejia.com", "vivovip.mmszxc.top", "qiu.xixiqiu.com", "cdnjs.hnfenxun.com", "cms.qdwght.com"],
    "wallpaper": "https://picsum.photos/1080",
    "spider": "clan://TVBox/ymjl/608_sj_36_bk.txt;md5;065C92F7720FA01E64086455D201CFE1"
}