{
  "ua": "",
    "dcVipFlag": "true",
    "pCfgJs": "https://www.ysgc.cc/static/js/playerconfig.js",
    "pCfgJsR": "[\\W|\\S|.]*?MacPlayerConfig.player_list[\\W|\\S|.]*?=([\\W|\\S|.]*?),MacPlayerConfig.downer_list",
    "dcShow2Vip": {},
    "dcPlayUrl": "true",
  "homeUrl": "http://ysgc.cc",

  "cateNode": "//ul[contains(@class,'item nav-list clearfix')]/li/a[contains(@href, 'vodtype')]",
  "cateName": "/text()",
  "cateId": "/@href",
  "cateIdR": "/vodtype/(\\w+).html",
  "cateManual": {},
  "homeVodNode": "//div[contains(@class, 'padding-0')]//ul[contains(@class,'myui-vodlist')]/li//a[contains(@class,'myui-vodlist__thumb')]",
  "homeVodName": "/@title",
  "homeVodId": "/@href",
  "homeVodIdR": "/voddetail/(\\w+).html",
  "homeVodImg": "/@data-original",
  "homeVodImgR": "\\S+(http\\S+)",
  "homeVodMark": "/span[contains(@class,'pic-text')]/text()",
  "cateUrl": "http://ysgc.cc/vodshow/{cateId}--------{catePg}---.html",
  "cateVodNode": "//ul[contains(@class,'myui-vodlist')]//li//a[contains(@class,'myui-vodlist__thumb')]",
  "cateVodName": "/@title",
  "cateVodId": "/@href",
  "cateVodIdR": "/voddetail/(\\w+).html",
  "cateVodImg": "/@data-original",
  "cateVodImgR": "\\S+(http\\S+)",
  "cateVodMark": "/span[contains(@class,'pic-text')]/text()",
  "dtUrl": "http://ysgc.cc/voddetail/{vid}.html",
  "dtNode": "//div[contains(@class,'col-lg-wide-75')]",
  "dtName": "//div[@class='myui-content__thumb']/a[contains(@class,'myui-vodlist__thumb')]/@title",
  "dtNameR": "",
  "dtImg": "//div[@class='myui-content__thumb']/a[contains(@class,'myui-vodlist__thumb')]/img/@data-original",
  "dtImgR": "\\S+(http\\S+)",
  "dtCate": "//span[contains(@class,'text-muted') and contains(text(), '类型：')]/following-sibling::*/text()",
  "dtCateR": "",
  "dtYear": "//div[@class='col-pd text-collapse content']/span[2]/text()[1]",
  "dtYearR": "\\S+，(\\w+)年",
  "dtArea": "//span[contains(@class,'text-muted') and contains(text(), '地区：')]/following-sibling::*/text()",
  "dtAreaR": "",
  "dtMark": "",
  "dtMarkR": "",
  "dtActor": "//span[contains(@class,'text-muted') and contains(text(), '主演：')]/following-sibling::*/text()",
  "dtActorR": "",
  "dtDirector": "//span[contains(@class,'text-muted') and contains(text(), '导演：')]/following-sibling::*/text()",
  "dtDirectorR": "",
  "dtDesc": "//div[@class='col-pd text-collapse content']/span[2]/p/text()",
  "dtDescR": "",
  "dtFromNode": "//a[@data-toggle='tab' and contains(@href, 'playlist')]",
  "dtFromName": "/text()",
  "dtFromNameR": "",
  "dtUrlNode": "//ul[contains(@class,'myui-content__list')]",
  "dtUrlSubNode": "/li/a",
  "dtUrlId": "@href",
  "dtUrlIdR": "/vodplay/(\\S+).html",
  "dtUrlName": "/text()",
  "dtUrlNameR": "",
  "playUrl": "http://ysgc.cc/vodplay/{playUrl}.html",
  "playUa": "",
  "searchUrl": "http://ysgc.cc/index.php/ajax/suggest?mid=1&wd={wd}&limit=10",
  "scVodNode": "json:list",
  "scVodName": "name",
  "scVodId": "id",
  "scVodIdR": "",
  "scVodImg": "pic",
  "scVodMark": ""
}
