{
    "author": "春风",
    "ua": "",
    "homeUrl": "https://www.zaixiandianying8.com",
    "dcVipFlag": "true",
    "pCfgJs": "https://www.zaixiandianying8.com/static/js/playerconfig.js",
    "pCfgJsR": "MacPlayerConfig.player_list=([\\w\\W]*?),MacPlayerConfig.downer_list",
    "dcShow2Vip": {},
    "dcPlayUrl": "true",
    "cateManual": {
        "蓝光": "37",
        "电影": "1",
        "连续剧": "2",
        "动漫": "4",
        "国产剧": "13",
        "港台剧": "14",
        "日韩剧": "15",
        "欧美剧": "16",
        "动作片": "6",
        "喜剧片": "7",
        "爱情片": "8",
        "科幻片": "9",
        "恐怖片": "10",
        "灾难片": "21",
        "悬疑片": "25",
        "剧情片": "11",
        "战争片": "12",
        "纪录片": "20"
    },
    "homeVodNode": " //ul[@class='myui-vodlist clearfix']//div[@class='myui-vodlist__box']/a",
    "homeVodName": "/@title",
    "homeVodId": "/@href",
    "homeVodIdR": "/\\w+/(\\w+)\\S*.html",
    "homeVodImg": "/@data-original",
    "homeVodImgR": "",
    "homeVodMark": "/span[@class='pic-text text-right']/text()",
    "cateUrl": "https://www.zaixiandianying8.com/vodshow/{cateId}--------{catePg}---.html",
    "cateVodNode": "//ul[@class='myui-vodlist clearfix']//div[@class='myui-vodlist__box']/a",
    "cateVodName": "/@title",
    "cateVodId": "/@href",
    "cateVodIdR": "/voddetail/(\\w+)\\S*.html",
    "cateVodImg": "/@data-original",
    "cateVodImgR": "",
    "cateVodMark": "/span[@class='pic-text text-right']/text()",
    "dtUrl": "https://www.zaixiandianying8.com/voddetail/{vid}.html",
    "dtNode": "//body",
    "dtName": "//div[@class='myui-content__thumb']/a/@title",
    "dtNameR": "",
    "dtImg": "//div[@class='myui-content__thumb']/a/img/@data-original",
    "dtImgR": "",
    "dtCate": "//span[contains(text(), '分类')]/following-sibling::a/text()",
    "dtCateR": "",
    "dtYear": "//span[contains(text(), '年份')]/following-sibling::a/text()",
    "dtYearR": "",
    "dtArea": "//span[contains(text(), '地区')]/following-sibling::a/text()",
    "dtAreaR": "",
    "dtDirector": "//span[contains(text(), '导演')]/following-sibling::a/text()",
    "dtDirectorR": "",
    "dtActor": "//span[contains(text(), '主演')]/following-sibling::a/text()",
    "dtActorR": "",
    "dtDesc": "//span[@class='sketch content']/text()",
    "dtDescR": "",
    "dtFromNode": "//ul[contains(@class,'nav-tabs')]/li/a",
    "dtFromName": "/text()",
    "dtFromNameR": "",
    "dtUrlNode": "//ul[contains(@class,'myui-content__list')]",
    "dtUrlSubNode": "/li/a",
    "dtUrlId": "@href",
    "dtUrlIdR": "/vodplay/(\\S+).html",
    "dtUrlName": "/text()",
    "dtUrlNameR": "",
    "playUrl": "https://www.zaixiandianying8.com/vodplay/{playUrl}.html",
    "playUa": "",
    "searchUrl": "https://www.zaixiandianying8.com/vodsearch/-------------.html?wd={wd}&submit=",
    "scVodNode": "//ul[@id='searchList']//div[@class='thumb']/a",
    "scVodName": "/@title",
    "scVodId": "/@href",
    "scVodIdR": "/voddetail/(\\w+).html",
    "scVodImg": "/@data-original",
    "scVodMark": "/span[@class='pic-text text-right']/text()"
}
