{
    "cateUrl": "https://www.52bdys.com/s/{cateId}/{catePg}",
    "cateVodIdR": "/(\\S+).htm",
    "homeVodIdR": "/(\\S+).htm",
    "cateVodImgR": "\\S+(http\\S+)",
    "dtUrl": "https://www.52bdys.com/{vid}.htm",
    "dtDirector": "//div[@class='info0']/ul/li/a[contains(@href,'director')]/text()",
    "ua": "",
    "playUrl": "https://www.52bdys.com/{playUrl}.htm",
    "cateVodId": "/a[@class='image']/@href",
    "dtUrlIdR": "(\\S+).htm",
    "dtUrlSubNode": "/a",
    "cateManual": {
        "电影": "0",
        "全部": "*",
        "电视剧": "1"
    },
    "dtName": "/h2/text()",
    "cateVodNode": "//div[contains(@class,'ui container')]/div[contains(@class,'ui eight doubling')]/div",
    "dtCate": "//div[@class='info0']/ul/li/a[contains(@target,'new')]/text()",
    "cateVodImg": "/a[@class='image']/img/@src",
    "homeVodImgR": "\\S+(http\\S+)",
    "dtArea": "//div[@class='info0']/ul/li/strong[contains(text(),'地区')]/parent::text()",
    "dtNode": "//div[contains(@class,'ui container movie-info')]",
    "dtFromName": "/text()",
    "dtActor": "//div[@class='info0']/ul/li/a[contains(@href,'performer')]/following-sibling::*/text()",
    "cateVodName": "/div[@class='content']/span/text()",
    "dtImg": "//div[@class='info0']/img/@src",
    "dtDesc": "substring-after(//div[@class='info0']//div[@class='summary']/html(), 'br>')",
    "dtFromNode": "//div[@class='info1']/h4/div[text()!='相关推荐']",
    "homeVodId": "/a[@class='image']/@href",
    "homeVodNode": "//div[contains(@class, 'pusher ui body')]//div[contains(@class,'ui seven')]/div[position() < 6]",
    "cateVodMark": "concat(//span[@class='ep'],//span[@class='rate'])",
    "dtNameR": ".+《(\\S+)》.+",
    "filter": {
        "0": [
            {
                "name": "类型",
                "value": [
                    {
                        "v": "all",
                        "n": "全部"
                    },
                    {
                        "v": "dongzuo",
                        "n": "动作"
                    },
                    {
                        "v": "aiqing",
                        "n": "爱情"
                    },
                    {
                        "v": "xiju",
                        "n": "喜剧"
                    },
                    {
                        "v": "kehuan",
                        "n": "科幻"
                    },
                    {
                        "v": "kongbu",
                        "n": "恐怖"
                    },
                    {
                        "v": "zhanzheng",
                        "n": "战争"
                    },
                    {
                        "v": "wuxia",
                        "n": "武侠"
                    },
                    {
                        "v": "mohuan",
                        "n": "魔幻"
                    },
                    {
                        "v": "juqing",
                        "n": "剧情"
                    },
                    {
                        "v": "donghua",
                        "n": "动画"
                    },
                    {
                        "v": "jingsong",
                        "n": "惊悚"
                    },
                    {
                        "v": "3D",
                        "n": "3D"
                    },
                    {
                        "v": "zainan",
                        "n": "灾难"
                    },
                    {
                        "v": "xuanyi",
                        "n": "悬疑"
                    },
                    {
                        "v": "jingfei",
                        "n": "警匪"
                    },
                    {
                        "v": "wenyi",
                        "n": "文艺"
                    },
                    {
                        "v": "qingchun",
                        "n": "青春"
                    },
                    {
                        "v": "maoxian",
                        "n": "冒险"
                    },
                    {
                        "v": "fanzui",
                        "n": "犯罪"
                    },
                    {
                        "v": "jilu",
                        "n": "纪录"
                    },
                    {
                        "v": "guzhuang",
                        "n": "古装"
                    },
                    {
                        "v": "qihuan",
                        "n": "奇幻"
                    },
                    {
                        "v": "guoyu",
                        "n": "国语"
                    },
                    {
                        "v": "zongyi",
                        "n": "综艺"
                    },
                    {
                        "v": "lishi",
                        "n": "历史"
                    },
                    {
                        "v": "yundong",
                        "n": "运动"
                    },
                    {
                        "v": "yuanchuang",
                        "n": "原创压制"
                    },
                    {
                        "v": "meiju",
                        "n": "美剧"
                    },
                    {
                        "v": "hanju",
                        "n": "韩剧"
                    },
                    {
                        "v": "guoju",
                        "n": "国产电视剧"
                    },
                    {
                        "v": "riju",
                        "n": "日剧"
                    },
                    {
                        "v": "yingju",
                        "n": "英剧"
                    },
                    {
                        "v": "deju",
                        "n": "德剧"
                    },
                    {
                        "v": "eju",
                        "n": "俄剧"
                    },
                    {
                        "v": "baju",
                        "n": "巴剧"
                    },
                    {
                        "v": "jiaju",
                        "n": "加剧"
                    },
                    {
                        "v": "anish",
                        "n": "西剧"
                    },
                    {
                        "v": "yidaliju",
                        "n": "意大利剧"
                    },
                    {
                        "v": "taiju",
                        "n": "泰剧"
                    },
                    {
                        "v": "gangtaiju",
                        "n": "港台剧"
                    },
                    {
                        "v": "faju",
                        "n": "法剧"
                    },
                    {
                        "v": "aoju",
                        "n": "澳剧"
                    }
                ],
                "key": "s"
            },
            {
                "name": "地区",
                "value": [
                    {
                        "v": "",
                        "n": "不限"
                    },
                    {
                        "v": "中国大陆",
                        "n": "中国大陆"
                    },
                    {
                        "v": "中国香港",
                        "n": "中国香港"
                    },
                    {
                        "v": "中国台湾",
                        "n": "中国台湾"
                    },
                    {
                        "v": "美国",
                        "n": "美国"
                    },
                    {
                        "v": "英国",
                        "n": "英国"
                    },
                    {
                        "v": "日本",
                        "n": "日本"
                    },
                    {
                        "v": "韩国",
                        "n": "韩国"
                    },
                    {
                        "v": "法国",
                        "n": "法国"
                    },
                    {
                        "v": "印度",
                        "n": "印度"
                    },
                    {
                        "v": "德国",
                        "n": "德国"
                    },
                    {
                        "v": "西班牙",
                        "n": "西班牙"
                    },
                    {
                        "v": "意大利",
                        "n": "意大利"
                    },
                    {
                        "v": "澳大利亚",
                        "n": "澳大利亚"
                    },
                    {
                        "v": "比利时",
                        "n": "比利时"
                    },
                    {
                        "v": "瑞典",
                        "n": "瑞典"
                    },
                    {
                        "v": "荷兰",
                        "n": "荷兰"
                    },
                    {
                        "v": "丹麦",
                        "n": "丹麦"
                    },
                    {
                        "v": "加拿大",
                        "n": "加拿大"
                    },
                    {
                        "v": "俄罗斯",
                        "n": "俄罗斯"
                    }
                ],
                "key": "area"
            },
            {
                "name": "年份",
                "value": [
                    {
                        "v": "",
                        "n": "全部"
                    },
                    {
                        "v": "2021",
                        "n": "2021"
                    },
                    {
                        "v": "2020",
                        "n": "2020"
                    },
                    {
                        "v": "2019",
                        "n": "2019"
                    },
                    {
                        "v": "2018",
                        "n": "2018"
                    },
                    {
                        "v": "2017",
                        "n": "2017"
                    },
                    {
                        "v": "2016",
                        "n": "2016"
                    },
                    {
                        "v": "2015",
                        "n": "2015"
                    },
                    {
                        "v": "2014",
                        "n": "2014"
                    },
                    {
                        "v": "2013",
                        "n": "2013"
                    },
                    {
                        "v": "2012",
                        "n": "2012"
                    },
                    {
                        "v": "2011",
                        "n": "2011"
                    },
                    {
                        "v": "2010",
                        "n": "2010"
                    },
                    {
                        "v": "2009",
                        "n": "2009"
                    },
                    {
                        "v": "2008",
                        "n": "2008"
                    },
                    {
                        "v": "2007",
                        "n": "2007"
                    },
                    {
                        "v": "2006",
                        "n": "2006"
                    },
                    {
                        "v": "2005",
                        "n": "2005"
                    },
                    {
                        "v": "2004",
                        "n": "2004"
                    },
                    {
                        "v": "2003",
                        "n": "2003"
                    },
                    {
                        "v": "2002",
                        "n": "2002"
                    },
                    {
                        "v": "2001",
                        "n": "2001"
                    },
                    {
                        "v": "2000",
                        "n": "2000"
                    }
                ],
                "key": "year"
            },
            {
                "name": "排序",
                "value": [
                    {
                        "v": "0",
                        "n": "更新时间"
                    },
                    {
                        "v": "1",
                        "n": "豆瓣评分"
                    }
                ],
                "key": "order"
            }
        ],
        "1": [
            {
                "name": "类型",
                "value": [
                    {
                        "v": "all",
                        "n": "全部"
                    },
                    {
                        "v": "dongzuo",
                        "n": "动作"
                    },
                    {
                        "v": "aiqing",
                        "n": "爱情"
                    },
                    {
                        "v": "xiju",
                        "n": "喜剧"
                    },
                    {
                        "v": "kehuan",
                        "n": "科幻"
                    },
                    {
                        "v": "kongbu",
                        "n": "恐怖"
                    },
                    {
                        "v": "zhanzheng",
                        "n": "战争"
                    },
                    {
                        "v": "wuxia",
                        "n": "武侠"
                    },
                    {
                        "v": "mohuan",
                        "n": "魔幻"
                    },
                    {
                        "v": "juqing",
                        "n": "剧情"
                    },
                    {
                        "v": "donghua",
                        "n": "动画"
                    },
                    {
                        "v": "jingsong",
                        "n": "惊悚"
                    },
                    {
                        "v": "3D",
                        "n": "3D"
                    },
                    {
                        "v": "zainan",
                        "n": "灾难"
                    },
                    {
                        "v": "xuanyi",
                        "n": "悬疑"
                    },
                    {
                        "v": "jingfei",
                        "n": "警匪"
                    },
                    {
                        "v": "wenyi",
                        "n": "文艺"
                    },
                    {
                        "v": "qingchun",
                        "n": "青春"
                    },
                    {
                        "v": "maoxian",
                        "n": "冒险"
                    },
                    {
                        "v": "fanzui",
                        "n": "犯罪"
                    },
                    {
                        "v": "jilu",
                        "n": "纪录"
                    },
                    {
                        "v": "guzhuang",
                        "n": "古装"
                    },
                    {
                        "v": "qihuan",
                        "n": "奇幻"
                    },
                    {
                        "v": "guoyu",
                        "n": "国语"
                    },
                    {
                        "v": "zongyi",
                        "n": "综艺"
                    },
                    {
                        "v": "lishi",
                        "n": "历史"
                    },
                    {
                        "v": "yundong",
                        "n": "运动"
                    },
                    {
                        "v": "yuanchuang",
                        "n": "原创压制"
                    },
                    {
                        "v": "meiju",
                        "n": "美剧"
                    },
                    {
                        "v": "hanju",
                        "n": "韩剧"
                    },
                    {
                        "v": "guoju",
                        "n": "国产电视剧"
                    },
                    {
                        "v": "riju",
                        "n": "日剧"
                    },
                    {
                        "v": "yingju",
                        "n": "英剧"
                    },
                    {
                        "v": "deju",
                        "n": "德剧"
                    },
                    {
                        "v": "eju",
                        "n": "俄剧"
                    },
                    {
                        "v": "baju",
                        "n": "巴剧"
                    },
                    {
                        "v": "jiaju",
                        "n": "加剧"
                    },
                    {
                        "v": "anish",
                        "n": "西剧"
                    },
                    {
                        "v": "yidaliju",
                        "n": "意大利剧"
                    },
                    {
                        "v": "taiju",
                        "n": "泰剧"
                    },
                    {
                        "v": "gangtaiju",
                        "n": "港台剧"
                    },
                    {
                        "v": "faju",
                        "n": "法剧"
                    },
                    {
                        "v": "aoju",
                        "n": "澳剧"
                    }
                ],
                "key": "s"
            },
            {
                "name": "地区",
                "value": [
                    {
                        "v": "",
                        "n": "不限"
                    },
                    {
                        "v": "中国大陆",
                        "n": "中国大陆"
                    },
                    {
                        "v": "中国香港",
                        "n": "中国香港"
                    },
                    {
                        "v": "中国台湾",
                        "n": "中国台湾"
                    },
                    {
                        "v": "美国",
                        "n": "美国"
                    },
                    {
                        "v": "英国",
                        "n": "英国"
                    },
                    {
                        "v": "日本",
                        "n": "日本"
                    },
                    {
                        "v": "韩国",
                        "n": "韩国"
                    },
                    {
                        "v": "法国",
                        "n": "法国"
                    },
                    {
                        "v": "印度",
                        "n": "印度"
                    },
                    {
                        "v": "德国",
                        "n": "德国"
                    },
                    {
                        "v": "西班牙",
                        "n": "西班牙"
                    },
                    {
                        "v": "意大利",
                        "n": "意大利"
                    },
                    {
                        "v": "澳大利亚",
                        "n": "澳大利亚"
                    },
                    {
                        "v": "比利时",
                        "n": "比利时"
                    },
                    {
                        "v": "瑞典",
                        "n": "瑞典"
                    },
                    {
                        "v": "荷兰",
                        "n": "荷兰"
                    },
                    {
                        "v": "丹麦",
                        "n": "丹麦"
                    },
                    {
                        "v": "加拿大",
                        "n": "加拿大"
                    },
                    {
                        "v": "俄罗斯",
                        "n": "俄罗斯"
                    }
                ],
                "key": "area"
            },
            {
                "name": "年份",
                "value": [
                    {
                        "v": "",
                        "n": "全部"
                    },
                    {
                        "v": "2021",
                        "n": "2021"
                    },
                    {
                        "v": "2020",
                        "n": "2020"
                    },
                    {
                        "v": "2019",
                        "n": "2019"
                    },
                    {
                        "v": "2018",
                        "n": "2018"
                    },
                    {
                        "v": "2017",
                        "n": "2017"
                    },
                    {
                        "v": "2016",
                        "n": "2016"
                    },
                    {
                        "v": "2015",
                        "n": "2015"
                    },
                    {
                        "v": "2014",
                        "n": "2014"
                    },
                    {
                        "v": "2013",
                        "n": "2013"
                    },
                    {
                        "v": "2012",
                        "n": "2012"
                    },
                    {
                        "v": "2011",
                        "n": "2011"
                    },
                    {
                        "v": "2010",
                        "n": "2010"
                    },
                    {
                        "v": "2009",
                        "n": "2009"
                    },
                    {
                        "v": "2008",
                        "n": "2008"
                    },
                    {
                        "v": "2007",
                        "n": "2007"
                    },
                    {
                        "v": "2006",
                        "n": "2006"
                    },
                    {
                        "v": "2005",
                        "n": "2005"
                    },
                    {
                        "v": "2004",
                        "n": "2004"
                    },
                    {
                        "v": "2003",
                        "n": "2003"
                    },
                    {
                        "v": "2002",
                        "n": "2002"
                    },
                    {
                        "v": "2001",
                        "n": "2001"
                    },
                    {
                        "v": "2000",
                        "n": "2000"
                    }
                ],
                "key": "year"
            },
            {
                "name": "排序",
                "value": [
                    {
                        "v": "0",
                        "n": "更新时间"
                    },
                    {
                        "v": "1",
                        "n": "豆瓣评分"
                    }
                ],
                "key": "order"
            }
        ],
        "*": [
            {
                "name": "类型",
                "value": [
                    {
                        "v": "all",
                        "n": "全部"
                    },
                    {
                        "v": "dongzuo",
                        "n": "动作"
                    },
                    {
                        "v": "aiqing",
                        "n": "爱情"
                    },
                    {
                        "v": "xiju",
                        "n": "喜剧"
                    },
                    {
                        "v": "kehuan",
                        "n": "科幻"
                    },
                    {
                        "v": "kongbu",
                        "n": "恐怖"
                    },
                    {
                        "v": "zhanzheng",
                        "n": "战争"
                    },
                    {
                        "v": "wuxia",
                        "n": "武侠"
                    },
                    {
                        "v": "mohuan",
                        "n": "魔幻"
                    },
                    {
                        "v": "juqing",
                        "n": "剧情"
                    },
                    {
                        "v": "donghua",
                        "n": "动画"
                    },
                    {
                        "v": "jingsong",
                        "n": "惊悚"
                    },
                    {
                        "v": "3D",
                        "n": "3D"
                    },
                    {
                        "v": "zainan",
                        "n": "灾难"
                    },
                    {
                        "v": "xuanyi",
                        "n": "悬疑"
                    },
                    {
                        "v": "jingfei",
                        "n": "警匪"
                    },
                    {
                        "v": "wenyi",
                        "n": "文艺"
                    },
                    {
                        "v": "qingchun",
                        "n": "青春"
                    },
                    {
                        "v": "maoxian",
                        "n": "冒险"
                    },
                    {
                        "v": "fanzui",
                        "n": "犯罪"
                    },
                    {
                        "v": "jilu",
                        "n": "纪录"
                    },
                    {
                        "v": "guzhuang",
                        "n": "古装"
                    },
                    {
                        "v": "qihuan",
                        "n": "奇幻"
                    },
                    {
                        "v": "guoyu",
                        "n": "国语"
                    },
                    {
                        "v": "zongyi",
                        "n": "综艺"
                    },
                    {
                        "v": "lishi",
                        "n": "历史"
                    },
                    {
                        "v": "yundong",
                        "n": "运动"
                    },
                    {
                        "v": "yuanchuang",
                        "n": "原创压制"
                    },
                    {
                        "v": "meiju",
                        "n": "美剧"
                    },
                    {
                        "v": "hanju",
                        "n": "韩剧"
                    },
                    {
                        "v": "guoju",
                        "n": "国产电视剧"
                    },
                    {
                        "v": "riju",
                        "n": "日剧"
                    },
                    {
                        "v": "yingju",
                        "n": "英剧"
                    },
                    {
                        "v": "deju",
                        "n": "德剧"
                    },
                    {
                        "v": "eju",
                        "n": "俄剧"
                    },
                    {
                        "v": "baju",
                        "n": "巴剧"
                    },
                    {
                        "v": "jiaju",
                        "n": "加剧"
                    },
                    {
                        "v": "anish",
                        "n": "西剧"
                    },
                    {
                        "v": "yidaliju",
                        "n": "意大利剧"
                    },
                    {
                        "v": "taiju",
                        "n": "泰剧"
                    },
                    {
                        "v": "gangtaiju",
                        "n": "港台剧"
                    },
                    {
                        "v": "faju",
                        "n": "法剧"
                    },
                    {
                        "v": "aoju",
                        "n": "澳剧"
                    }
                ],
                "key": "s"
            },
            {
                "name": "地区",
                "value": [
                    {
                        "v": "",
                        "n": "不限"
                    },
                    {
                        "v": "中国大陆",
                        "n": "中国大陆"
                    },
                    {
                        "v": "中国香港",
                        "n": "中国香港"
                    },
                    {
                        "v": "中国台湾",
                        "n": "中国台湾"
                    },
                    {
                        "v": "美国",
                        "n": "美国"
                    },
                    {
                        "v": "英国",
                        "n": "英国"
                    },
                    {
                        "v": "日本",
                        "n": "日本"
                    },
                    {
                        "v": "韩国",
                        "n": "韩国"
                    },
                    {
                        "v": "法国",
                        "n": "法国"
                    },
                    {
                        "v": "印度",
                        "n": "印度"
                    },
                    {
                        "v": "德国",
                        "n": "德国"
                    },
                    {
                        "v": "西班牙",
                        "n": "西班牙"
                    },
                    {
                        "v": "意大利",
                        "n": "意大利"
                    },
                    {
                        "v": "澳大利亚",
                        "n": "澳大利亚"
                    },
                    {
                        "v": "比利时",
                        "n": "比利时"
                    },
                    {
                        "v": "瑞典",
                        "n": "瑞典"
                    },
                    {
                        "v": "荷兰",
                        "n": "荷兰"
                    },
                    {
                        "v": "丹麦",
                        "n": "丹麦"
                    },
                    {
                        "v": "加拿大",
                        "n": "加拿大"
                    },
                    {
                        "v": "俄罗斯",
                        "n": "俄罗斯"
                    }
                ],
                "key": "area"
            },
            {
                "name": "年份",
                "value": [
                    {
                        "v": "",
                        "n": "全部"
                    },
                    {
                        "v": "2022",
                        "n": "2022"
                    },
                    {
                        "v": "2021",
                        "n": "2021"
                    },
                    {
                        "v": "2020",
                        "n": "2020"
                    },
                    {
                        "v": "2019",
                        "n": "2019"
                    },
                    {
                        "v": "2018",
                        "n": "2018"
                    },
                    {
                        "v": "2017",
                        "n": "2017"
                    },
                    {
                        "v": "2016",
                        "n": "2016"
                    },
                    {
                        "v": "2015",
                        "n": "2015"
                    },
                    {
                        "v": "2014",
                        "n": "2014"
                    },
                    {
                        "v": "2013",
                        "n": "2013"
                    },
                    {
                        "v": "2012",
                        "n": "2012"
                    },
                    {
                        "v": "2011",
                        "n": "2011"
                    },
                    {
                        "v": "2010",
                        "n": "2010"
                    },
                    {
                        "v": "2009",
                        "n": "2009"
                    },
                    {
                        "v": "2008",
                        "n": "2008"
                    },
                    {
                        "v": "2007",
                        "n": "2007"
                    },
                    {
                        "v": "2006",
                        "n": "2006"
                    },
                    {
                        "v": "2005",
                        "n": "2005"
                    },
                    {
                        "v": "2004",
                        "n": "2004"
                    },
                    {
                        "v": "2003",
                        "n": "2003"
                    },
                    {
                        "v": "2002",
                        "n": "2002"
                    },
                    {
                        "v": "2001",
                        "n": "2001"
                    },
                    {
                        "v": "2000",
                        "n": "2000"
                    }
                ],
                "key": "year"
            },
            {
                "name": "排序",
                "value": [
                    {
                        "v": "0",
                        "n": "更新时间"
                    },
                    {
                        "v": "1",
                        "n": "豆瓣评分"
                    }
                ],
                "key": "order"
            }
        ]
    },
    "homeUrl": "https://www.52bdys.com",
    "homeVodImg": "/a[@class='image']/img/@data-src",
    "homeVodName": "/div[@class='content']/span/text()",
    "dtImgR": "\\S+(http\\S+)",
    "dtUrlNode": "//div[@class='info1']",
    "homeVodMark": "concat(//span[@class='ep'],//span[@class='rate'])",
    "dtUrlId": "@href",
    "dtUrlName": "/text()"
}
