{
  "ua": "",
   "homeUrl": "https://www.dianyingn.com/",
//"dcVipFlag": "true",
//"pCfgJs": "https://gimytv.com//static/js/playerconfig.js",
//"pCfgJsR": "[\\W|\\S|.]*?MacPlayerConfig.player_list[\\W|\\S|.]*?=([\\W|\\S|.]*?),MacPlayerConfig.downer_list",
//"dcShow2Vip": {},
//"dcPlayUrl": "true",
  "cateManual": {"电影": "dianying", "电视剧": "dianshiju", "综艺": "zongyi", "动漫": "dongman"},
 "homeVodNode": "//ul[contains(@class, 'fed-list-info fed-part-rows')]/li",
  "homeVodName":"/a[2][contains(@class, 'fed-list-title')]/text()",
  "homeVodId": "/a[2][contains(@class, 'fed-list-title')]/@href",
  "homeVodIdR": "/voddetail/(\\S+).html",
  "homeVodImg": "/a[1][contains(@class, 'fed-list-pics')]/@data-original",
  "homeVodMark": "",
  "cateUrl": "https://www.dianyingn.com/vodshow/{cateId}--------{catePg}---.html",
  "cateVodNode":  "//ul[contains(@class, 'fed-list-info fed-part-rows')]/li",
  "cateVodName": "/a[2][contains(@class, 'fed-list-title')]/text()",
  "cateVodId": "/a[2][contains(@class, 'fed-list-title')]/@href",
  "cateVodIdR": "/voddetail/(\\S+).html",
  "cateVodImg": "/a[1][contains(@class, 'fed-list-pics')]/@data-original",
  "cateVodMark": "",
  "dtUrl": "https://www.dianyingn.com/voddetail/{vid}.html",
  "dtNode": "//dl[contains(@class,'fed-deta-info')]",
  "dtName": "//dd[contains(@class,'fed-deta-content')]//a/text()",
  "dtImg":"//dt[contains(@class,'fed-deta-images ')]/a/@data-original",
 "dtFromNode": "//div[contains(@class,'fed-drop-boxs ')]/ul[contains(@class,'fed-part-rows')]/li/a",
 "dtFromName": "/text()",
  "dtUrlNode": "//div[contains(@class,'fed-play-item')]/ul[2][contains(@class,'fed-part-rows')]",
  "dtUrlSubNode": "/li/a",
  "dtUrlId": "@href",
  "dtUrlIdR": "/vodplay/(\\S+).html",
  "dtUrlName": "/text()",
  "playUrl": "https://www.dianyingn.com/vodplay/{playUrl}.html",
 "searchUrl": "https://www.dianyingn.com/index.php/ajax/suggest?mid=1&wd={wd}",
   "scVodNode": "json:list",
  "scVodName": "name",
  "scVodId": "id",
  "scVodIdR": "",
  "scVodImg": "pic",
  "scVodMark": ""
}
