{
  "name": "GAOAA2",
  "url": "https://www.26db0129d607.com",
  "User": "空",
  "shouye": "1",
  "fenlei": "短视频$/shipin/list-短视频-1#美女主播$/shipin/list-美女主播-1_#国产精品$/shipin/list-国产精品-1#国产精品$/shipin/list-国产精品-1#中文字幕$/shipin/list-中文字幕-1#亚洲无码$/shipin/list-亚洲无码-1#欧美精品$/shipin/list-欧美精品-1#成人动漫$/shipin/list-成人动漫-1#女优专辑$/shipin/list-女优专辑-1",
  "houzhui": ".html",
  "shifouercijiequ": "0",
  "jiequqian": "空",
  "jiequhou": "空",
"jiequshuzuqian": "class=\"video-pic loading\"",
  "jiequshuzuhou": "player",
  "tupianqian": "data-prefix src=\"",
  "tupianhou": "\"",
  "biaotiqian": "title=\"",
  "biaotihou": "\"",
  "lianjieqian": "href=\"",
  "lianjiehou": "\"",
  "sousuoqian": "/shipin/-/?wd=",
  "sousuohou": "",
  "sousuohouzhui": "/shipin/",
  "ssmoshi": "1",
  "sousuoshifouercijiequ": "1",
  "jspic": "空",
  "jsname": "空",
  "jsid": "空",
  "ssjiequqian": "空", 
  "ssjiequhou": "空", 
  "ssjiequshuzuqian": "空", 
  "ssjiequshuzuhou": "空", 
  "sstupianqian": "空", 
  "sstupianhou": "空", 
  "ssbiaotiqian": "空",
  "ssbiaotihou": "空", 
  "sslianjieqian": "空", 
  "sslianjiehou": "空", 
  "bfshifouercijiequ": "0", 
  "bfjiequqian": "空", 
  "bfjiequhou": "空", 
  "bfjiequshuzuqian": "<a title="\"线路\">",
  "bfjiequshuzuhou": "</a>",
  "zhuangtaiqian": "更新：</span>",
  "zhuangtaihou": "</p>",
  "daoyanqian": "导演：</span>",
  "daoyanhou": "</p>",
  "zhuyanqian": "主演：</span>",
  "zhuyanhou": "</p>",
  "juqingqian": "简介：</span>",
  "juqinghou": "</div>",
  "bfyshifouercijiequ": "0",
  "bfyjiequqian": "空",
  "bfyjiequhou": "空",
  "bfyjiequshuzuqian": "<a",
  "bfyjiequshuzuhou": "/a>",
  "bfbiaotiqian": ">",
  "bfbiaotihou": "<",
  "bflianjieqian": "href=\"",
  "bflianjiehou": "\""
}
